Price,Close,High,Low,Open,Volume
Ticker,AAPL,AAPL,AAPL,AAPL,AAPL
Date,,,,,
2020-01-02,72.79603576660156,72.85662843705877,71.54540216077686,71.79988841807065,135480400
2020-01-03,72.08830261230469,72.85176870122804,71.8628996768582,72.02043912432407,146322800
2020-01-06,72.66271209716797,72.70149228565275,70.95400211001883,71.20606963688756,118387200
2020-01-07,72.32098388671875,72.92932920607493,72.10042570127877,72.67241690140098,108872000
2020-01-08,73.48435974121094,73.78732306103302,72.02286498225183,72.02286498225183,132079200
2020-01-09,75.04521179199219,75.23910531783788,74.21388238999704,74.46594249428365,170108400
2020-01-10,75.21487426757812,75.78202805010778,74.71074661224186,75.2803190714048,140644800
2020-01-13,76.82179260253906,76.84845721797936,75.41361983783602,75.53238647587344,121532000
2020-01-14,75.78443145751953,76.96962714842209,75.66082749092855,76.75876592649786,161954400
2020-01-15,75.45966339111328,76.46792599707763,75.02581793644697,75.58327476675701,121923600
2020-01-16,76.40489959716797,76.51639538996747,75.64143374623438,76.0049896177802,108829200
2020-01-17,77.25080871582031,77.2532273929308,76.34676342582375,76.65457152353868,137816400
2020-01-21,76.72726440429688,77.32106795018944,76.58911138390374,76.87753299634672,110843200
2020-01-22,77.00113677978516,77.5561600864613,76.90660870255334,77.21441667860984,101832400
2020-01-23,77.37198638916016,77.45196545033632,76.50429530744599,77.05448142476102,104472000
2020-01-24,77.14899444580078,78.36569234251847,76.95751957755354,77.61919405852058,146537600
2020-01-27,74.88040161132812,75.56388109821151,73.89395147066809,75.14942943338237,161940000
2020-01-28,76.99873352050781,77.17081461349557,75.66569492593983,75.76506778148637,162234000
2020-01-29,78.6104965209961,79.46121987792021,77.89308146084672,78.63716113897716,216229200
2020-01-30,78.4965591430664,78.54988096692422,77.2556229477171,77.68946836017099,126743200
2020-01-31,75.01612091064453,78.20813732112357,74.72042850588934,77.78398880426934,199588400
2020-02-03,74.81011199951172,75.98075876987488,73.24924470798491,73.75337231306008,173788400
2020-02-04,77.27987670898438,77.47135157736116,76.0147017269092,76.42188260936533,136616400
2020-02-05,77.9100341796875,78.71228029302294,77.30410766529131,78.41173571221898,118826800
2020-02-06,78.82134246826172,78.82376854121485,77.62161241012203,78.18148791656665,105425600
2020-02-07,77.74996185302734,78.56868819994995,77.25678206283877,78.31845426530488,117684000
2020-02-10,78.1192398071289,78.1192398071289,76.2485610979256,76.328729971042,109348800
2020-02-11,77.64793395996094,78.6901739257034,77.42928413723492,78.61729312283484,94323200
2020-02-12,79.49187469482422,79.49673094210661,78.09979248720818,78.09979248720818,113730400
2020-02-13,78.92581176757812,79.25379012572942,78.55653676962524,78.76061038013486,94747600
2020-02-14,78.94526672363281,79.1955006836328,78.43507889247289,78.89424275063291,80113600
2020-02-18,77.4997329711914,77.68194237472869,76.43319703704242,76.6154064405797,152531200
2020-02-19,78.62214660644531,78.85294816427883,77.74268368353454,77.74268368353454,93984000
2020-02-20,77.81554412841797,78.87235994111728,77.3077882481259,78.38161204782077,100566000
2020-02-21,76.05419158935547,77.85199672111999,75.43468266835458,77.40740168585418,129554000
2020-02-24,72.44159698486328,73.89927218972448,70.26723591941703,72.21809093869149,222195200
2020-02-25,69.9878158569336,73.49838528422858,69.51407604241301,73.11453422052959,230673600
2020-02-26,71.0981216430664,72.36873146727866,69.60400572550029,69.61129380649832,198054800
2020-02-27,66.4505386352539,69.48250516613125,66.3144895679182,68.29207211988479,320605600
2020-02-28,66.41168212890625,67.63856327010133,62.28403400452035,62.50025939627286,426510000
2020-03-02,72.59465026855469,73.23359905284,67.47092308130068,68.57875558588971,341397200
2020-03-03,70.2890853881836,73.85552819395053,69.43391136932343,73.77535933674136,319475600
2020-03-04,73.54942321777344,73.70976836620322,71.21471719102264,72.01886735003644,219178400
2020-03-05,71.1636962890625,72.7744209254937,70.79684571065036,71.79534952023471,187572800
2020-03-06,70.2186279296875,70.65350301025936,68.32365355677196,68.51071916341945,226176800
2020-03-09,64.6649169921875,67.56082812622974,63.89477518496917,64.0769846199073,286744800
2020-03-10,69.3221664428711,69.58940835488747,65.44232100611896,67.33001496463376,285290000
2020-03-11,66.9145736694336,68.3212322165363,66.04725520576122,67.39075287348057,255598800
2020-03-12,60.30643844604492,65.59536986136158,60.25056194673212,62.179552305414184,418474000
2020-03-13,67.53166198730469,68.00540938687315,61.4531554433298,64.35393335429514,370732000
2020-03-16,58.84392166137695,62.942413654688025,58.30700964974588,58.7807533617381,322423600
2020-03-17,61.431297302246094,62.58528656157585,57.91829813556142,60.13153532043565,324056000
2020-03-18,59.92744827270508,60.736458342676634,57.60731482260299,58.25112350527089,300233600
2020-03-19,59.46828079223633,61.42642361595355,58.941088778701626,60.10236956557699,271857200
2020-03-20,55.692909240722656,61.181055225922066,55.391655045407944,60.051354773786564,401693200
2020-03-23,54.50975036621094,55.5131177507659,51.652708966620814,55.411080955108275,336752800
2020-03-24,59.97846984863281,60.17525538486383,56.92221075272987,57.422678587356735,287531200
2020-03-25,59.648067474365234,62.74076717659394,59.35167323412014,60.918673260526354,303602000
2020-03-26,62.78692626953125,62.845230901201134,59.85213994722345,59.89101217304303,252087200
2020-03-27,60.18740463256836,62.16255182038572,60.01977140734215,61.40456197455526,204216800
2020-03-30,61.90502166748047,62.077514824841366,60.59068393688566,60.91623414183025,167976400
2020-03-31,61.778690338134766,63.77084530142144,61.22234604683103,62.09695247318078,197002000
2020-04-01,58.5280876159668,60.425494176264635,58.09564428473378,59.886154074244196,176218400
2020-04-02,59.50471496582031,59.55816334013763,57.55386042441489,58.3895945969487,165934000
2020-04-03,58.649559020996094,59.691795094969585,58.056770548986755,58.98725360699361,129880000
2020-04-06,63.76601028442383,63.92149180414208,60.58584936232617,60.95512445901241,201820400
2020-04-07,63.02744674682617,66.00839738638794,62.92298179967491,65.78974016698517,202887200
2020-04-08,64.6406021118164,64.95642874150907,63.464745123474984,63.83158830415397,168895200
2020-04-09,65.1070556640625,65.61238718160247,64.30776915947149,65.27955255492029,161834800
2020-04-13,66.38496398925781,66.49429260465944,64.58230223555258,65.18481070772222,131022800
2020-04-14,69.73760986328125,70.0291478764634,67.55109700677416,68.02484442466522,194994800
2020-04-15,69.10108184814453,69.5626774503411,68.1778906437514,68.60790210124026,131154400
2020-04-16,69.65013885498047,70.0169894216292,68.59575486882815,69.81777206662008,157125200
2020-04-17,68.70509338378906,69.7133247388834,67.26199423225898,69.1642646656941,215250000
2020-04-20,67.27897644042969,68.43296895313735,67.25954403926933,67.52678589345665,130015200
2020-04-21,65.19937896728516,67.35673938059448,64.48511754898358,67.12108160089471,180991600
2020-04-22,67.07734680175781,67.51464634090605,66.12985952419092,66.47240662852322,116862400
2020-04-23,66.8174057006836,68.45000232601801,66.77853346982802,67.02147935208541,124814400
2020-04-24,68.74638366699219,68.75610357640764,67.29599672618441,67.34458885914316,126161200
2020-04-27,68.79496002197266,69.12779455546136,68.01267431111116,68.4621180743671,117087600
2020-04-28,67.67984771728516,69.44120502793687,67.58753452748297,69.2589956509729,112004800
2020-04-29,69.90280151367188,70.37411698449395,68.96989048051049,69.173964073941,137280800
2020-04-30,71.37747955322266,71.55483267240312,70.05342927151027,70.44456848623724,183064000
2020-05-01,70.22835540771484,72.64080580783057,69.44606951014269,69.54324636284784,240616800
2020-05-04,71.22199249267578,71.35075347169294,69.56024408995484,70.2526411112846,133568000
2020-05-05,72.29096221923828,73.12669648649918,71.53782864635428,71.68359763047998,147751200
2020-05-06,73.03681182861328,73.67089693622526,72.60922476151869,72.99550777203844,142333600
2020-05-07,73.79237365722656,74.13979187417405,73.36236215111808,73.66604447823067,115215200
2020-05-08,75.54873657226562,75.60232962681305,74.12609336468238,74.45495949785123,133838400
2020-05-11,76.73754119873047,77.23448698795877,74.84473723882499,75.05424011538071,145946400
2020-05-12,75.86054992675781,77.87758616003143,75.73874820389301,77.42447988519703,162301200
2020-05-13,74.94463348388672,76.96654748529828,73.86303308655106,76.04084950003579,200622400
2020-05-14,75.40503692626953,75.46593780729032,73.45377031942287,74.1797114974989,158929200
2020-05-15,74.959228515625,75.0055137738857,73.13220232382433,73.16631038114848,166348400
2020-05-18,76.72535705566406,77.10050853103726,75.59504066999202,76.28931213886284,135178400
2020-05-19,76.2820053100586,77.59258592543456,76.25033566486115,76.74241206985262,101729600
2020-05-20,77.76555633544922,77.83619600542188,77.1053854269129,77.1443628832028,111504800
2020-05-21,77.18578338623047,78.16994377259633,76.94704923994759,77.62670520032562,102688800
2020-05-22,77.6827392578125,77.76556357231506,76.82038061334768,76.92268994071365,81803200
2020-05-26,77.15654754638672,78.98600497329699,77.10051605904029,78.80574074281053,125522000
2020-05-27,77.49269104003906,77.63885459900591,76.26980437953092,77.01279937336761,112945200
2020-05-28,77.52680969238281,78.79111238390804,76.88856974628645,77.16627385552594,133560800
2020-05-29,77.4512939453125,78.23325906401446,77.09319651884718,77.77041392140606,153532400
2020-06-01,78.4037857055664,78.52558745206125,77.27346192968375,77.40500989747099,80791200
2020-06-02,78.76675415039062,78.79111598702812,77.69246183211925,78.1358219826799,87642800
2020-06-03,79.20035552978516,79.46345142907931,78.5133919900797,79.08830002003492,104491200
2020-06-04,78.51827239990234,79.32216087891953,78.14312097373995,79.02253336806902,87560400
2020-06-05,80.7545394897461,80.81544034908978,78.7399417389638,78.76917296197885,137250400
2020-06-08,81.23204040527344,81.26614847182012,79.73631842426661,80.45007506531866,95654400
2020-06-09,83.79718780517578,84.19182439034483,80.87882185924174,80.91049151210927,147712400
2020-06-10,85.95304870605469,86.42320162575061,84.30872525976866,84.7496469521118,166651600
2020-06-11,81.82640075683594,85.51943010387768,81.7240914667439,85.0931240487231,201662400
2020-06-12,82.5328598022461,84.72529122191342,81.41715908416947,83.97499574044802,200146000
2020-06-15,83.5535659790039,84.2088600192706,81.01765253374747,81.18087015739522,138808800
2020-06-16,85.7679214477539,86.04076362659309,83.97500316337461,85.61688845940762,165428800
2020-06-17,85.64854431152344,86.57667295034399,85.52674257483635,86.51577208200045,114406400
2020-06-18,85.68265533447266,86.10165362055893,85.07120821618122,85.60470043608724,96820400
2020-06-19,85.19300842285156,86.85925531634406,84.07973874680876,86.39154080283116,264476000
2020-06-22,87.42201232910156,87.56573754387846,85.54139246374726,85.58767773696925,135445200
2020-06-23,89.28799438476562,90.71307640768639,88.25024105134418,88.67167780071613,212155600
2020-06-24,87.71186828613281,89.83852933973874,87.33671684590729,88.91527007031266,192623200
2020-06-25,88.87630462646484,88.91528208057547,87.10530976653794,87.86778995028821,137522400
2020-06-26,86.1455078125,88.99323335258256,85.99690581013819,88.77155327311752,205256800
2020-06-29,88.13087463378906,88.22588356795558,85.57303786343928,86.05293705962484,130646000
2020-06-30,88.8665542602539,89.15401204164107,87.69726042821986,87.71674543727191,140223200
2020-07-01,88.6984634399414,89.49017478480187,88.64974720230927,88.9445053445153,110737200
2020-07-02,88.6984634399414,90.2477855067387,88.58397693612106,89.60954555050597,114041600
2020-07-06,91.0711669921875,91.54131994765142,90.10162241749444,90.13329206093196,118655600
2020-07-07,90.78858947753906,92.23315645577712,90.67653394853455,91.4511912983208,112424400
2020-07-08,92.90306091308594,92.93473055595655,91.68260506078956,91.77030618213804,117092000
2020-07-09,93.30258178710938,93.85312065881432,92.2502128504973,93.79952758979641,125642800
2020-07-10,93.46578979492188,93.52425969060765,92.28188034447685,92.89575849276069,90257200
2020-07-13,93.03460693359375,97.39754619914325,92.82023467943165,94.77637034737839,191649200
2020-07-14,94.57418060302734,94.76662199734568,91.47554407654853,92.41341151615387,170989200
2020-07-15,95.224609375,96.70815384014621,94.02120745599402,96.45724252536823,153198000
2020-07-16,94.0528793334961,94.91279943602586,93.4511783597131,94.0918567876338,110577600
2020-07-17,93.86286163330078,94.66188079586928,93.38783184655358,94.50597842556229,92186800
2020-07-20,95.84091186523438,95.9797676279876,93.60463378440161,93.95055398445888,90318000
2020-07-21,94.51815795898438,96.71058945803297,94.26724665146081,96.63507296780085,103433200
2020-07-22,94.78369903564453,95.4682243778313,94.1308433426434,94.21853704728984,89001600
2020-07-23,90.46946716308594,94.59367254925417,89.65583238188394,94.51571764664843,197004400
2020-07-24,90.24535369873047,90.59127395192569,86.86413581047867,88.65949991326812,185438800
2020-07-27,92.38418579101562,92.4767563073094,91.0882208654685,91.31233191463267,121214000
2020-07-28,90.86654663085938,92.13084942839727,90.8616698028327,91.95301619177205,103625600
2020-07-29,92.60830688476562,92.79344792257184,91.31477290242519,91.35131194036357,90329200
2020-07-30,93.7288818359375,93.83362955315262,91.36836340686854,91.77761548867781,158130000
2020-07-31,103.5412368774414,103.69226986257458,98.24529157077608,100.2525895272056,374336800
2020-08-03,106.15023803710938,108.78115318345822,105.13197706745348,105.43160465101931,308151200
2020-08-04,106.8591079711914,107.95532367778854,105.61429026969972,106.34023134726526,173071600
2020-08-05,107.24642944335938,107.56798781328907,106.11123636225952,106.57895830344707,121776800
2020-08-06,110.98819732666016,111.48515059417284,106.98823165003749,107.58018642555417,202428800
2020-08-07,108.46478271484375,110.96622042952936,107.66432294404805,110.50741895463568,198045600
2020-08-10,110.04130554199219,111.06384515107565,107.37879853018043,109.91684136955703,212403600
2020-08-11,106.7686996459961,109.80214914223019,106.50757212458231,109.30186450006919,187902400
2020-08-12,110.31706237792969,110.57574703986536,107.66919763698496,107.86442881473535,165598000
2020-08-13,112.2694091796875,113.27730675270328,111.21270008616257,111.70322831118777,210082000
2020-08-14,112.16936492919922,112.25965955070116,110.35124355091685,112.09371227617905,165565200
2020-08-17,111.87650299072266,113.32123917843857,111.24687604641355,113.29683341677854,119561600
2020-08-18,112.8087387084961,113.2358134358944,111.29079280806813,111.62757292757412,105633600
2020-08-19,112.95030212402344,114.37063270913322,112.85512932476216,113.21875063716004,145538000
2020-08-20,115.45661926269531,115.57131964589473,112.97470137414321,112.99178615299259,126907200
2020-08-21,121.40638732910156,121.89203000788308,116.40838923591036,116.42058839410942,338054800
2020-08-24,122.85840606689453,125.71615124596532,120.98416004961447,125.63072736983898,345937600
2020-08-25,121.85052490234375,122.19706883538618,120.1202629427022,121.72606818176882,211495600
2020-08-26,123.5075912475586,123.9663927972632,122.10190266081999,123.17325388035292,163022400
2020-08-27,122.0311050415039,124.44712610871338,120.8816586446735,124.11278882530611,155552400
2020-08-28,121.83345031738281,123.4294843508676,121.60892773706408,123.00973057273563,187630000
2020-08-31,125.965087890625,127.8783894314197,122.99753487296857,124.53988670086144,225702700
2020-09-01,130.9825897216797,131.58782574144868,127.41957228893138,129.59642898445324,151948100
2020-09-02,128.2688446044922,134.69205062860914,123.9736987933479,134.3113445903267,200119000
2020-09-03,117.99954223632812,125.7698621363214,117.6285999549482,123.88585934482386,257599600
2020-09-04,118.07764434814453,120.7523508273246,108.24760258598307,117.20885274599195,332607200
2020-09-08,110.131591796875,116.15456397882693,109.99492847765607,111.23466214416847,231366600
2020-09-09,114.52436828613281,116.30099900444924,112.51345864001445,114.46580041608054,176940500
2020-09-10,110.78562927246094,117.62858911457678,109.81922220240571,117.4919257894212,182274400
2020-09-11,109.33114624023438,112.4841816810679,107.37880434308732,111.83990528016459,180860300
2020-09-14,112.61107635498047,113.16749347370929,110.1120812178957,111.98632757070928,140150100
2020-09-15,112.78678894042969,115.9983921595148,110.90277876776254,115.51030669973152,184642000
2020-09-16,109.4580307006836,113.23581443227282,109.37017890226147,112.4841661823785,154679000
2020-09-17,107.710693359375,109.52637182628673,106.11953747604608,107.1054721687997,178011000
2020-09-18,104.29409790039062,108.23782932536304,103.561969707706,107.76927145269701,287104900
2020-09-21,107.4568862915039,107.56426567814931,100.64321065047814,102.04889902285993,195713800
2020-09-22,109.1456527709961,110.1706350713095,106.55880615632401,109.99492403261556,183055400
2020-09-23,104.56742858886719,109.43851925260384,104.2257628187344,108.96019760104794,150718700
2020-09-24,105.64120483398438,107.62283036011137,102.49793367629653,102.66388092435032,167743300
2020-09-25,109.6044692993164,109.76066022078156,105.10432077900599,105.8462127607794,149981400
2020-09-28,112.22059631347656,112.5720184036697,110.09254363290351,112.2694078334004,137672400
2020-09-29,111.37133026123047,112.56225990652231,110.86372468906299,111.82037541240005,99382200
2020-09-30,113.05033874511719,114.46579088344285,110.91252974272332,111.07847699244668,142675200
2020-10-01,114.0069808959961,114.91481997634796,113.06985788524443,114.83672453022074,116120400
2020-10-02,110.32682800292969,112.62083549619844,109.54589577865308,110.19992847147782,144712000
2020-10-05,113.7238998413086,113.87032695294033,110.84419891878447,111.1956210076637,106243800
2020-10-06,110.46349334716797,113.3529580749316,109.5751743278838,112.94296067117382,161498200
2020-10-07,112.33773803710938,112.79653950711614,111.41037130371913,111.88870036047932,96849000
2020-10-08,112.23036193847656,113.62628652852615,111.8594122552234,113.4798594139574,83477200
2020-10-09,114.1827163696289,114.21200030629765,112.18156295787443,112.53298509308588,100506900
2020-10-12,121.43565368652344,122.19706574823392,116.43765631689607,117.19906837860654,240226800
2020-10-13,118.21430206298828,122.40207638560332,116.7988571464754,122.28493318897588,262330500
2020-10-14,118.3021469116211,120.09829768888693,116.76955898516985,118.11667206811924,150712000
2020-10-15,117.83357238769531,118.31189397818673,115.33457760747181,115.8909946467432,112559200
2020-10-16,116.18385314941406,118.65357169541609,115.97885816134452,118.3900013910462,115393800
2020-10-19,113.21630859375,117.55050249133377,112.90393419169357,117.10146475385224,120639300
2020-10-20,114.70983123779297,116.14480348594866,112.87462539222047,113.43104244277143,124423700
2020-10-21,114.08509826660156,115.8812491871557,113.6751008194376,113.88985961376322,89946000
2020-10-22,112.99179077148438,115.2272232061606,111.85942886147818,114.65127845604545,101988000
2020-10-23,112.29869842529297,113.77271853280851,111.55680647449411,113.61652761786443,82572600
2020-10-26,112.3084716796875,113.77272811646259,110.19017504098188,111.29325298981222,111850700
2020-10-27,113.82151794433594,114.48531441046451,111.81060840617837,112.73796772098498,92276800
2020-10-28,108.55021667480469,112.67942345116828,108.45260106031823,112.30848113708215,143937800
2020-10-29,112.57203674316406,114.14367261157057,109.5263806145093,109.6923353407312,146129200
2020-10-30,106.26595306396484,109.32136496325914,105.15311895635773,108.41352582835944,190272600
2020-11-02,106.17810821533203,108.04259825657593,104.76266335338559,106.510010202518,122866900
2020-11-03,107.80831909179688,108.83329409212905,106.13906770760467,107.04690696366637,107624400
2020-11-04,112.2108383178711,112.83558707769674,109.67279555013029,111.42014229787765,138235500
2020-11-05,116.1936264038086,116.76957113416694,114.085101035138,115.13935999567666,126387100
2020-11-06,116.06159973144531,116.56030035576157,113.55828613023952,115.6997907349838,114457900
2020-11-09,113.74409484863281,119.28853098353753,113.48007727763617,117.83152910264428,154515300
2020-11-10,113.40186309814453,114.9859836686819,111.60260574019199,112.99116572507505,138023400
2020-11-11,116.84390258789062,116.98080170362327,113.86144904035245,114.59484035768119,112295000
2020-11-12,116.57009887695312,117.86086723636039,115.94427224575213,116.97102302592603,103162300
2020-11-13,116.61898040771484,117.01989704740932,115.25976265922797,116.79499459257708,81581900
2020-11-16,117.63597106933594,118.31068601268369,115.53358112019767,116.28652626175575,91183000
2020-11-17,116.74610900878906,117.99776222750803,116.32563105620926,116.90256939134977,74271000
2020-11-18,115.41622161865234,117.16658292087014,115.38688716304424,115.98337929521392,76322100
2020-11-19,116.01271057128906,116.4234078594296,114.22323422382374,114.98595989049652,74113000
2020-11-20,114.74150085449219,116.13983378749967,114.6926125812959,116.01271532465954,73604300
2020-11-23,111.32877349853516,115.01529047141607,111.23098950534383,114.58503194884565,127959300
2020-11-24,112.61956024169922,113.28450195004916,110.09669251350901,111.38746829481333,113874200
2020-11-25,113.46051788330078,114.16457469823683,112.61956196106514,112.99115164697129,76499200
2020-11-27,114.00810241699219,114.88817334383641,113.64630086849698,113.98854860103611,46691300
2020-11-30,116.41363525390625,118.29111497501631,114.22323478550325,114.37969515914972,169410200
2020-12-01,120.00236511230469,120.73575635202906,117.35237899468692,118.33023398098608,127728200
2020-12-02,120.35440063476562,120.63797949284637,118.21289570055283,119.3178692147776,89004200
2020-12-03,120.2175064086914,121.03890109820081,119.50366891481015,120.78465668744884,78967600
2020-12-04,119.54277801513672,120.13927018325414,118.8289405570736,119.88502578525937,78260400
2020-12-07,121.00956726074219,121.81140813528457,119.54278462727864,119.60145354527566,86712000
2020-12-08,121.62559509277344,122.21231402677293,120.3641613213804,121.61582191486363,82225500
2020-12-09,119.08319091796875,123.16084482713035,118.32046514623403,121.77229239856497,115089200
2020-12-10,120.51085662841797,121.12691009664137,117.48928804587463,117.83153582797534,81312200
2020-12-11,119.69923400878906,120.04148176635128,117.88042311381089,119.7187878261748,86939800
2020-12-14,119.08319091796875,120.61842310120053,118.84850778676781,119.88503178831066,79184500
2020-12-15,125.04811096191406,125.06767224230298,121.38115423546134,121.58650291688959,157243700
2020-12-16,124.97964477539062,125.52724118635251,123.75732602917816,124.58850874495589,98208600
2020-12-17,125.84993743896484,126.71045462679722,125.20454954809055,126.04550545777673,94359800
2020-12-18,123.85511016845703,126.2410786072222,123.32706760608566,126.10417951258235,192541500
2020-12-21,125.3903579711914,125.46858817136713,120.71621168710811,122.25144392845483,121251600
2020-12-22,128.95956420898438,131.43353697170383,126.77893610517391,128.69553909507823,168904800
2020-12-23,128.05992126464844,129.49735465570004,127.88389957293874,129.23334449946444,88223700
2020-12-24,129.04751586914062,130.50452508142843,128.19678685760132,128.411916135144,54930100
2020-12-28,133.6630096435547,134.2986094599442,130.5534228147209,131.02280398341387,124486200
2020-12-29,131.88330078125,135.71649064032698,131.36503881821685,134.99288748033229,121047300
2020-12-30,130.75877380371094,132.97850886568028,130.44585303687674,132.57758472850526,96452100
2020-12-31,129.7515411376953,131.75614623535526,128.80302089520566,131.11075855927146,99116600
2021-01-04,126.54419708251953,130.65118438275988,123.95288029193061,130.56318102910515,143301900
2021-01-05,128.10874938964844,128.82259412226782,125.58588226608579,126.03570203019007,97664900
2021-01-06,123.79645538330078,128.14791509728727,123.58132606551794,124.89165579181231,155088000
2021-01-07,128.02078247070312,128.71506612744008,125.02854837897873,125.51747590823786,109578200
2021-01-08,129.12574768066406,129.6929053357967,127.3460445296394,129.49732241128856,105158200
2021-01-11,126.12374114990234,127.28739105577397,125.65437490010746,126.32909727718489,100384500
2021-01-12,125.94773864746094,126.81802908121813,124.05069738444573,125.654379136118,91951100
2021-01-13,127.99143981933594,128.5390362297107,125.64459379747747,125.90860390334045,88636800
2021-01-14,126.0552978515625,128.09901132140328,125.90861064179391,127.90344329592908,90221800
2021-01-15,124.32447814941406,127.33627319568878,124.18757905280532,125.92815967578035,111598500
2021-01-19,124.99919128417969,125.8597083545234,124.12890103653892,124.95029555593172,90757300
2021-01-20,129.10621643066406,129.55603637241362,125.70328462932032,125.81084929446354,104319500
2021-01-21,133.8389892578125,136.57698583657466,130.63162652639653,130.83698261117812,120150900
2021-01-22,135.99032592773438,136.7530517681992,132.03000949708334,133.2621016422452,114459400
2021-01-25,139.7550506591797,141.87699445932435,133.51633027696087,139.90173787834547,157611700
2021-01-26,139.98974609375,141.10450036185256,138.23937702907264,140.42000474475194,98390600
2021-01-27,138.91407775878906,141.10447831211278,137.30062299054427,140.25373432297877,140843800
2021-01-28,134.0541229248047,138.84562082531298,133.67276011557627,136.43031805990591,142621100
2021-01-29,129.0377655029297,133.71191168514858,127.3265190787023,132.822059963538,177523800
2021-02-01,131.16944885253906,132.3819942368579,128.03052822195346,130.78808605825117,106239800
2021-02-02,132.00064086914062,133.29140160318417,131.6290512252896,132.72424395973647,83305400
2021-02-03,130.9739227294922,132.76339946569158,130.6512287356642,132.75361136470895,89880900
2021-02-04,134.34750366210938,134.357276841014,131.60950655954667,133.28164524703553,84183100
2021-02-05,133.9312744140625,134.57762667448057,133.04989583580434,134.50908231283685,75693800
2021-02-08,134.0782012939453,134.1271700987044,132.12935643271075,133.21639814836522,71297200
2021-02-09,133.19680786132812,135.0281395487588,133.0401286062898,133.79419141675652,76774200
2021-02-10,132.58963012695312,134.15654214720848,131.62010163331232,133.65708128237208,73046600
2021-02-11,132.33499145507812,133.56892438093112,131.00312094041448,133.08905410484374,64280000
2021-02-12,132.5700225830078,132.72671675353533,130.92477862200445,131.5711308680466,60145100
2021-02-16,130.4351043701172,133.19676780306924,130.0433689923808,132.68753422677702,80576300
2021-02-17,128.1337127685547,129.48517374549368,126.79205451608354,128.53523594912028,97918500
2021-02-18,127.02710723876953,127.31110235363661,124.77467705464633,126.52764642744,96856700
2021-02-19,127.18376922607422,128.00640605579716,126.13590883460701,127.5461263219299,87668800
2021-02-22,123.39385223388672,127.03691001910353,123.00212422454044,125.36227259235844,103916400
2021-02-23,123.25674438476562,124.08916170674335,115.9412507684533,121.20018174470592,158273000
2021-02-24,122.75727844238281,122.96293393818705,119.70181682290355,122.35576270436196,111039900
2021-02-25,118.48747253417969,123.8443336867004,118.04678320459273,122.10115193451716,148199500
2021-02-26,118.75187683105469,122.26761817552682,118.69311278217069,120.05436161448827,164560400
2021-03-01,125.14681243896484,125.28391610304169,120.25023166025078,121.19037427317316,116307900
2021-03-02,122.53203582763672,126.05757237117307,122.42431045653072,125.75398676437746,102260900
2021-03-03,119.53533172607422,123.10983731286295,119.31988096888192,122.2284512477988,112966300
2021-03-04,117.64524841308594,121.043476706908,116.16648638094867,119.23174329287419,178155000
2021-03-05,118.9085693359375,119.41781793599817,115.13820351970436,118.47767529541255,153766600
2021-03-08,113.95323944091797,118.49726624291924,113.80634050910875,118.42871440428695,154376600
2021-03-09,118.58540344238281,119.5353414188917,116.33298050634184,116.56801431888738,129525800
2021-03-10,117.49836730957031,119.64306482272417,116.97932341940151,119.17299720542609,111943300
2021-03-11,119.4374008178711,120.66154604698784,118.75188247820154,120.00540599736276,103026500
2021-03-12,118.52665710449219,118.66376079629637,116.69534030471154,117.90969049137331,88105100
2021-03-15,121.4254150390625,121.43521029322805,117.92925646093556,118.89878489040193,92403800
2021-03-16,122.97274780273438,124.58862119613374,122.14033043994999,123.10005623228338,115227900
2021-03-17,122.17949676513672,123.25674313985047,119.80954577485848,121.48418312807976,111932600
2021-03-18,118.0369873046875,120.63217688102142,117.83133178723176,120.33837901517603,121229700
2021-03-19,117.5081558227539,118.91837362659142,117.2045701733795,117.42002094580913,185549500
2021-03-22,120.83783721923828,121.30791232902628,117.77257990117306,117.8411317430598,111912300
2021-03-23,120.00540924072266,121.67024380868072,119.61368126250025,120.77906994302474,95467100
2021-03-24,117.6060791015625,120.35796270962354,117.58649606502367,120.27961562028884,88530500
2021-03-25,118.09574127197266,119.14361681685605,116.53863204363516,117.06746370748277,98844700
2021-03-26,118.70291900634766,118.96733857179096,116.4602839493928,117.86070645319991,94071200
2021-03-29,118.87919616699219,120.0445848677289,118.23285134256643,119.13382047799135,80819200
2021-03-30,117.42002868652344,117.90968684829242,116.40153881345304,117.62568421787553,85671900
2021-03-31,119.62346649169922,120.96512480481803,118.64415036400882,119.13380842785402,118323800
2021-04-01,120.45590209960938,121.61149560560744,119.95644870617548,121.10225442894621,75089100
2021-04-05,123.29592895507812,123.55055329604966,120.52446191396982,121.30791797622493,88651200
2021-04-06,123.5995101928711,124.5004794020054,123.05109545193551,123.88351281845287,80171300
2021-04-07,125.25455474853516,125.27413778679839,122.55163970119949,123.227370330931,83466700
2021-04-08,127.66368865966797,127.69306695670997,125.86175003957298,126.2828489259634,88844600
2021-04-09,130.24903869628906,130.2882047645079,126.79205412784927,127.11523022757024,106686700
2021-04-12,128.5254669189453,130.1021666410129,127.9280834231761,129.7789904931529,91420000
2021-04-13,131.6494598388672,131.8747133072664,129.20116952027027,129.7006303088981,91266500
2021-04-14,129.2991180419922,132.2076883818472,128.93677582602234,132.14893180014175,87222800
2021-04-15,131.718017578125,132.20767563603624,130.87580512079055,131.05208979209115,89347100
2021-04-16,131.38507080078125,131.88451670536998,130.52326772477247,131.5221744771299,84922400
2021-04-19,132.05096435546875,132.66793821028534,130.58199037213484,130.74847229706486,94264200
2021-04-20,130.35679626464844,132.72673997153393,129.08368205696783,132.22729402668483,94812300
2021-04-21,130.7387237548828,130.98355282558484,128.5842309213411,129.6223037902088,68847100
2021-04-22,129.2109832763672,131.37526373459914,128.69194687996696,130.2882221426105,84566500
2021-04-23,131.54176330566406,132.325204335831,129.42643666058186,129.42643666058186,78657500
2021-04-26,131.93348693847656,132.2664508784838,130.79747649743766,132.04121232414715,66905100
2021-04-27,131.61032104492188,132.6092278860221,131.33611366786397,132.21749238795275,66015800
2021-04-28,130.81704711914062,132.22726470146532,130.32738906656553,131.53194369181043,107760100
2021-04-29,130.71914672851562,134.23490390325625,129.7104520486332,133.64730809569,151101000
2021-04-30,128.74090576171875,130.79746068058364,128.35897306655968,129.05427915465984,109839500
2021-05-03,129.79856872558594,131.29693633033506,129.10326255880813,129.30891060237565,75135100
2021-05-04,125.20557403564453,128.77029185928455,124.07935891708368,128.47649401215057,137564700
2021-05-05,125.4504165649414,127.75180076750355,125.32310067167653,126.52765546512583,84000900
2021-05-06,127.05648803710938,127.06627581947774,124.50046470853376,125.24474710595689,78128300
2021-05-07,127.7333755493164,128.76339227741778,127.01724957847082,128.36120196951572,78973300
2021-05-10,124.437255859375,127.07608579007447,124.3980157788077,126.94856862572095,88071200
2021-05-11,123.51515197753906,123.86829776786942,120.43486897470133,121.15098741607423,126142800
2021-05-12,120.43486785888672,122.26930249143895,119.92476173599708,121.05288982587079,112172300
2021-05-13,122.59302520751953,123.7505814669759,121.89653057032774,122.21044375165756,105861300
2021-05-14,125.02587127685547,125.45750477954672,123.4563051092716,123.84869852223802,81918000
2021-05-17,123.86830139160156,124.51575157542331,122.78922523617969,124.40784321145301,74244600
2021-05-18,122.47530364990234,124.57459943092813,122.40663537610358,124.15277789636984,63342900
2021-05-19,122.318359375,122.54398051145846,120.52316475438042,120.81746165373089,92612000
2021-05-20,124.88851928710938,125.29072454392407,122.72055511635658,122.84808726328852,76857100
2021-05-21,123.0442886352539,125.56540625841488,122.82847189576222,125.38882960649273,79295400
2021-05-24,124.68252563476562,125.50655252258389,123.5445930083176,123.61326129194566,63092900
2021-05-25,124.48633575439453,125.87933273201294,123.91736568496461,125.38883535703953,72009500
2021-05-26,124.437255859375,124.96698572061328,124.01543434862674,124.54516420986502,56575900
2021-05-27,122.89713287353516,125.21224551256824,122.7009399316297,124.03507289257355,94625600
2021-05-28,122.23987579345703,123.40724398155514,122.18101940894144,123.18161536711065,71311100
2021-06-01,121.91615295410156,122.96580090820794,121.58262345666635,122.7009396887318,67637100
2021-06-02,122.68131256103516,122.85788919730133,121.69052850380683,121.91614963197536,59278900
2021-06-03,121.19021606445312,122.4752968965185,120.78801085132359,122.30853216709995,76229200
2021-06-04,123.49553680419922,123.7604055207665,121.49433726995868,121.71015400663384,75169300
2021-06-07,123.5053482055664,123.91735789160782,122.45570020487158,123.77020943679837,71057600
2021-06-08,124.3293685913086,126.01666240469469,123.8094505331201,124.19203202817509,74403800
2021-06-09,124.71195220947266,125.32016234533343,124.11355396665458,124.79043238525111,56877900
2021-06-10,123.71134185791016,125.75178128651456,123.54457711687593,124.60402943024918,71186400
2021-06-11,124.92774963378906,125.01604168895804,123.70152514291111,124.12334666714433,53522400
2021-06-14,127.99823760986328,128.05709400174217,124.6531004491023,125.38883528471538,96906500
2021-06-15,127.17420959472656,128.1159567068562,126.9289646660906,127.46850650280223,62746300
2021-06-16,127.67452239990234,128.40045288275869,126.01667901518258,127.89033916592545,91815000
2021-06-17,129.28330993652344,130.02886409912782,127.18401394706837,127.33116988532254,96721700
2021-06-18,127.97863006591797,129.00864687118153,127.76281331450413,128.22387501356428,108953300
2021-06-21,129.78363037109375,129.89153874770108,126.7524063853472,127.82167077355209,79663300
2021-06-22,131.431640625,131.52974457093757,129.11652820534232,129.6168373736392,74783600
2021-06-23,131.15696716308594,131.76518468274836,130.69590556190855,131.2256429187577,60214200
2021-06-24,130.8724822998047,132.07908292691275,130.40160134944472,131.89269442179855,68711000
2021-06-25,130.5782012939453,131.34336422043498,130.28390440639663,130.92155015751234,70783700
2021-06-28,132.2164306640625,132.67749227833716,130.81363700639858,130.87249338804028,62111300
2021-06-29,133.73692321777344,133.8938835140155,131.79458819959044,132.23602593528324,64556100
2021-06-30,134.35498046875,134.79641832088436,133.2857012660367,133.57999815698017,63261400
2021-07-01,134.6590576171875,134.71791399110828,133.1777690202394,134.00180316080719,52485800
2021-07-02,137.29795837402344,137.3371909852788,135.12998613015824,135.27712713307326,78852600
2021-07-06,139.31874084472656,140.4272377243952,137.40583342811385,137.40583342811385,108181800
2021-07-07,141.8202362060547,142.1341419126618,139.94656146861553,140.8098133882063,104911600
2021-07-08,140.51551818847656,141.3199136476054,137.99439352314687,138.88708851917443,105575500
2021-07-09,142.34996032714844,142.8796827620917,139.93674375592246,140.0348477102195,99890800
2021-07-12,141.75157165527344,143.5369619572258,141.26108178795414,143.42905358767305,76299700
2021-07-13,142.869873046875,144.6552631625385,140.89810937466933,141.29049524015778,100827100
2021-07-14,146.31309509277344,146.72511967947904,144.8710539449843,145.2830785316899,127050800
2021-07-15,145.65582275390625,147.14691569076902,144.29226193391412,146.4013767066168,106820300
2021-07-16,143.60560607910156,146.91150261100321,143.10531186121412,145.6362410789104,93251400
2021-07-19,139.74058532714844,141.32978296158063,138.97542219405963,141.01586220515162,121434600
2021-07-20,143.3701629638672,144.3021055613893,140.24085060448107,140.73134040588818,96350000
2021-07-21,142.63442993164062,143.35055582744278,141.87908640599437,142.761962071439,74993500
2021-07-22,144.0078125,145.3811779928807,143.0366372788164,143.16416942049864,77338200
2021-07-23,145.73434448242188,145.891304829726,144.12553834396107,144.74356035611945,71447400
2021-07-26,146.15614318847656,146.98016238783268,144.8906712329459,145.44983674086862,72434100
2021-07-27,143.9783935546875,146.37198639761627,142.78159713322313,146.28368684924823,104818600
2021-07-28,142.22244262695312,144.17459775469044,139.82884959716242,142.05567786255799,118931200
2021-07-29,142.869873046875,143.76256810470676,141.8300370316254,141.93794538991892,56699500
2021-07-30,143.08566284179688,143.5467243797055,141.3689488083035,141.6338174503817,70440600
2021-08-02,142.75216674804688,144.15496050085218,142.4872980441341,143.57618608404002,62880000
2021-08-03,144.55715942382812,145.22421838984877,142.41861603866508,143.03663799784874,64786600
2021-08-04,144.15493774414062,144.97895695005172,143.49768326071919,144.46885837604557,56368300
2021-08-05,144.2628631591797,145.02802607928103,143.38979188016344,144.18438299191783,46397700
2021-08-06,143.57518005371094,144.52815733916614,143.07413616804524,143.7815010601561,54126800
2021-08-09,143.52603149414062,144.12532623715828,142.96604312269145,143.6341015294713,48908700
2021-08-10,143.04464721679688,145.11761617478155,142.74990938091966,143.86990116446182,69023100
2021-08-11,143.300048828125,144.14495578644056,142.9758387752961,143.48671658499492,48493500
2021-08-12,146.27688598632812,146.43408148324338,143.2804124119522,143.62427568758085,72282600
2021-08-13,146.48321533203125,146.81724453884937,145.66778050998334,146.3554921096055,59375000
2021-08-16,148.4677276611328,148.53650630513908,143.8993445896947,145.93300676651384,103296000
2021-08-17,147.55409240722656,149.01793256406128,146.47339196373346,147.59338379108556,92229700
2021-08-18,143.7913055419922,148.07478584611835,143.58498455652062,147.17093412941145,86326000
2021-08-19,144.1253204345703,145.40250762133363,141.96393480596424,142.48463177586973,86960300
2021-08-20,145.5891876220703,145.89374455558095,144.20393028804864,144.85235052835526,60549600
2021-08-23,147.08251953125,147.55409108829102,145.29445426636062,145.7070812526452,60131800
2021-08-24,146.99404907226562,148.21229151485676,146.5322967346456,146.82703450199665,48606400
2021-08-25,145.7561798095703,147.68178704763378,145.20601059611982,147.18072830675177,58991300
2021-08-26,144.95054626464844,146.50281777699945,144.92107398835572,145.7463426975065,48597200
2021-08-27,145.99197387695312,146.13933527747687,144.25303439583894,144.89162045275756,55802400
2021-08-30,150.4326629638672,150.79617947351582,146.00182110616922,146.38497581234716,90956700
2021-08-31,149.16531372070312,150.11829096268886,148.6347825803244,149.9807486283296,86453100
2021-09-01,149.83338928222656,152.2600410936434,149.66637464225352,150.14778036287592,80313700
2021-09-02,150.953369140625,152.00459736719287,149.72530718864795,151.1695092434522,71115500
2021-09-03,151.59194946289062,151.9161595724596,150.40317906113773,151.06141837778193,57808700
2021-09-07,153.94000244140625,154.49999081703118,151.68036577099878,152.25018823508333,82278300
2021-09-08,152.38772583007812,154.28384596142823,151.2775532197301,154.22490139645186,74420200
2021-09-09,151.36599731445312,153.37018764087068,151.24809318396555,152.76107376547708,57305700
2021-09-10,146.35549926757812,152.75123994335087,146.0902337122543,152.27966839354463,140893200
2021-09-13,146.92532348632812,148.76249922624126,146.1393609000961,147.98637072909293,102404300
2021-09-14,145.52041625976562,148.4186542998016,144.33166075059606,147.71128945509335,109296300
2021-09-15,146.4144287109375,146.81723655129747,143.80110978356157,145.95267630681514,83281300
2021-09-16,146.1786346435547,146.35548332483592,144.6361969334838,145.83478635987686,68034100
2021-09-17,143.49656677246094,146.2081368960108,143.20182893412,146.2081368960108,129868800
2021-09-20,140.43133544921875,142.29798352303587,138.7906465653713,141.27624262800742,123478900
2021-09-21,140.91273498535156,142.06221417722685,140.27414875963487,141.40395977159233,75834000
2021-09-22,143.29025268554688,143.86006015223413,141.1779774559064,141.9148145146439,76404300
2021-09-23,144.25303649902344,144.49864883080187,143.0839194012002,144.0761878248297,64838200
2021-09-24,144.34149169921875,144.8818419709262,143.00535965962902,143.10361061484528,53477900
2021-09-27,142.8186492919922,143.3983057694962,141.2958648767322,142.91690021793838,74150700
2021-09-28,139.41940307617188,142.20955587688627,139.20326300094865,140.73588172272164,108972300
2021-09-29,140.32325744628906,141.914820766156,139.53729488414885,139.96957504287542,74602000
2021-09-30,139.0166015625,141.84606086491695,138.8004614773993,141.13869603931272,89056700
2021-10-01,140.1464385986328,140.41170420543875,136.6685733834783,139.40960135049912,94639600
2021-10-04,136.697998046875,139.71412466072323,135.8432719339544,139.27201047308725,98322000
2021-10-05,138.63345336914062,139.74362613188381,136.9141666967104,137.04188993235064,80861100
2021-10-06,139.50782775878906,139.6551891860821,135.94153130840195,137.02223174518275,83221100
2021-10-07,140.77516174316406,141.68884744032314,140.21517340508834,140.5492025885712,61732700
2021-10-08,140.3920135498047,141.6495475850892,140.0579843509609,141.50218617118406,58773200
2021-10-11,140.30361938476562,142.26851850644232,139.32116982392728,139.7731032179488,64452200
2021-10-12,139.0264434814453,140.73591125575925,138.56469095029715,140.71625806543605,73035900
2021-10-13,138.43695068359375,138.91834130277414,136.75695558768913,138.76116078950477,78762700
2021-10-14,141.23692321777344,141.3548273420417,139.02641202284653,139.61588767122242,69907100
2021-10-15,142.29794311523438,142.35688767057604,140.9912838382135,141.24673023267485,67940300
2021-10-18,143.9779510498047,144.26285475697728,140.64744844988806,140.93235215706065,85589200
2021-10-19,146.14915466308594,146.55196247996375,143.97795007247626,144.4298683623013,76378900
2021-10-20,146.64041137695312,147.12181704316635,145.5204195129586,146.09024203898952,58418800
2021-10-21,146.8565216064453,147.0137170970346,145.27477758598488,146.19828235446312,61421000
2021-10-22,146.08042907714844,147.54426934336965,146.03130360041152,147.0628786479238,58883400
2021-10-25,146.03126525878906,146.7484490596756,145.0291627622304,146.0705566352679,50720600
2021-10-26,146.69937133789062,148.19268383326175,146.3947993904891,146.70919043645577,60893400
2021-10-27,146.23757934570312,147.10212450653455,145.88389701004922,146.73862307496861,56094900
2021-10-28,149.89231872558594,150.48177939683748,147.09233181642745,147.19058275713044,100077900
2021-10-29,147.1708984375,147.3084407307945,143.84039612966788,144.63617761165648,124953200
2021-11-01,146.3456573486328,147.0726602514267,145.2060125392424,146.375129628963,74588300
2021-11-02,147.3870849609375,148.90988475411868,146.04111889020803,146.05095297989337,69122000
2021-11-03,148.83126831054688,149.3028398355509,147.19057957500098,147.75056795013293,54511500
2021-11-04,148.3105926513672,149.75477971750777,147.996201595479,148.91970658341225,60394600
2021-11-05,148.8418731689453,149.74704405658917,147.64153427138376,149.4420426177261,65463900
2021-11-08,148.01541137695312,149.12720435005284,147.73992524407558,148.96977941330329,55020900
2021-11-09,148.37945556640625,148.98945848021418,147.64154300439876,147.77928608212537,56787900
2021-11-10,145.53598022460938,147.7103683897463,145.4671162171976,147.60214065278717,65187100
2021-11-11,145.48681640625,147.02167192728697,145.2998761802244,146.55926059562827,41000000
2021-11-12,147.57266235351562,147.97604309887336,145.10310564919584,146.03779178657453,63804000
2021-11-15,147.58248901367188,149.4321943467607,147.0216683492437,147.9465210157881,59222800
2021-11-16,148.56639099121094,149.04849925402718,146.9331409706031,147.52347700617935,59256200
2021-11-17,151.01622009277344,152.5018781462118,148.55651238073776,148.5663458069547,88807000
2021-11-18,155.3256378173828,156.11274738926755,150.5833285439718,151.23269506674168,137827700
2021-11-19,157.96241760253906,158.4248438104942,154.00720376522912,155.1091479137879,117305600
2021-11-22,158.4248809814453,163.02944726502406,158.40519911335653,159.07423249970904,117467900
2021-11-23,158.80859375,159.19230760433507,156.49646218357938,158.5232592097014,96041900
2021-11-24,159.330078125,159.5268517998659,157.0671433318694,158.15925449217463,69463600
2021-11-26,154.28273010253906,157.86406453369798,153.83998564240557,156.99825748204293,76959800
2021-11-29,157.657470703125,158.59215686701145,156.23082785981234,156.80148199456374,88748200
2021-11-30,162.63589477539062,162.85235027883988,157.34259839391257,157.41147742358555,174048100
2021-12-01,162.1144561767578,167.55532964594474,161.87831877920462,164.780771522949,152052500
2021-12-02,161.1207275390625,161.55363860315867,155.25679134230904,156.18164406781122,136739200
2021-12-03,159.231689453125,162.30141593928232,157.1458614020828,161.37656312031243,118023100
2021-12-06,162.6555938720703,165.17433271042214,161.63234683594757,161.64218026428557,107497000
2021-12-07,168.42108154296875,168.81464374323033,165.62685747899448,166.35493628983124,120405400
2021-12-08,172.25828552246094,173.12410760824633,167.9488719754966,169.35583286489788,116998900
2021-12-09,171.7466583251953,173.90136505237254,171.1169736434836,172.0910234690597,108923700
2021-12-10,176.5578155517578,176.73492231269515,171.8745374996121,172.3861609043746,115402700
2021-12-13,172.90765380859375,179.19466739552252,172.70103171320386,178.20093567002317,153237000
2021-12-14,171.52037048339844,174.87541600242255,169.43454277672873,172.42554128087525,139380400
2021-12-15,176.41026306152344,176.60703670151452,169.5329139992671,172.28778999774144,131063300
2021-12-16,169.48373413085938,178.22062275638177,167.99807573252775,176.39059919327553,150185800
2021-12-17,168.3817901611328,170.67424008979302,166.95516235498613,167.19128474267674,195432700
2021-12-20,167.01417541503906,167.83080028341357,164.76108946281846,165.56786589082796,107499100
2021-12-21,170.2019805908203,170.40858768040073,166.39434194128998,168.79501963934456,91185900
2021-12-22,172.8092803955078,173.02573594531398,169.3755219125549,170.25117754118187,92135300
2021-12-23,173.43894958496094,173.99977028074508,172.44523284134146,173.01588696564417,68356600
2021-12-27,177.42364501953125,177.51219089733766,174.216191449557,174.2358583027151,74919600
2021-12-28,176.40042114257812,178.4075513781422,175.65267527782174,177.25640977812765,79144300
2021-12-29,176.48898315429688,177.71883722352266,175.26896251299274,176.4397859889544,62348900
2021-12-30,175.3280029296875,177.6598165843381,175.21977516501707,176.5775389376338,59773000
2021-12-31,174.70814514160156,176.34137982616818,174.40312874209113,175.21975359080747,64062300
2022-01-03,179.07659912109375,179.9325878251871,174.84591282107223,174.96397401631208,104487900
2022-01-04,176.80381774902344,179.99160489675614,176.23316366013424,179.68660349006143,99310400
2022-01-05,172.10086059570312,177.26624778747964,171.82537447983776,176.71527555574892,94537600
2022-01-06,169.2279052734375,172.47472273765217,168.87370673165287,169.91662049000044,96904000
2022-01-07,169.3951873779297,171.33343869618955,168.27356100705217,170.10358456089105,86709100
2022-01-10,169.41488647460938,169.71988792911856,165.45967096970128,166.35500847432905,106765600
2022-01-11,172.25828552246094,172.35666484220278,168.06694817720108,169.54277308913493,76138300
2022-01-12,172.70103454589844,174.32443598667186,172.00248580970825,173.28152209013933,74805200
2022-01-13,169.41488647460938,173.7734827671335,169.02132410357385,172.94702430726295,84505800
2022-01-14,170.28070068359375,170.97924946347322,168.33260081738436,168.5785716579076,80440800
2022-01-18,167.06338500976562,169.75921560588677,166.67967112863838,168.7458170220669,90956700
2022-01-19,163.55093383789062,168.32277434644473,163.2656142567515,167.26017846991508,94815000
2022-01-20,161.85861206054688,166.94528615891775,161.53392881858292,164.28880464896287,91420500
2022-01-21,159.79251098632812,163.6493322187244,159.68428320884053,161.77011127001666,122848900
2022-01-24,159.0152130126953,159.68426145863555,152.20674242658725,157.44100875159458,162294600
2022-01-25,157.20486450195312,160.13683238368577,154.48935213627462,156.4177548992897,115798400
2022-01-26,157.11631774902344,161.74056599656424,155.2764608855422,160.86491050929132,108275300
2022-01-27,156.6538848876953,161.19942048448502,155.72903227419678,159.83182343191297,121954600
2022-01-28,167.58480834960938,167.60449021499127,160.1761698905262,163.0392732825814,179935700
2022-01-31,171.96315002441406,172.17960558675273,166.7780799839979,167.41761324104226,115541600
2022-02-01,171.79586791992188,172.0221568809913,169.53293327062335,171.20553191997683,86213900
2022-02-02,173.00604248046875,173.045406221179,170.5365007077257,171.9336132455733,84914300
2022-02-03,170.11341857910156,173.3996002497915,169.34599079704418,171.6679560130524,89418100
2022-02-04,169.8277130126953,171.5123033629512,168.14312266243942,169.12825935026342,82465400
2022-02-07,169.10858154296875,171.3645381321525,168.40912782220335,170.29074266054957,77251200
2022-02-08,172.2314910888672,172.7437665008704,168.88201651130342,169.17756059638208,74829200
2022-02-09,173.659912109375,174.02440791137533,172.30041852916588,173.43333485667165,71285000
2022-02-10,169.5617218017578,172.87178167224684,169.00020170665326,171.55170211899048,90865900
2022-02-11,166.13348388671875,170.50749406654586,165.54239574220313,169.7686414018993,98670700
2022-02-14,166.36990356445312,167.059496301351,164.08437902845532,164.88233741200816,86185500
2022-02-15,170.2218017578125,170.3794272726593,167.7195605956041,168.42886038041834,62527400
2022-02-16,169.9853515625,170.7636029916525,167.5225096535446,169.2957588343913,61177400
2022-02-17,166.36990356445312,169.35486679359227,165.96599387855787,168.4879416203525,69589300
2022-02-18,164.81338500976562,168.00521853149442,163.71988259124893,167.2959338848835,82772700
2022-02-22,161.877685546875,164.2124549433413,159.73992547123078,162.52786440797053,91162800
2022-02-23,157.6908416748047,163.68045969243948,157.3755907096695,163.07952569314475,90009200
2022-02-24,160.32118225097656,160.4295479097244,149.7408066830381,150.31218788079974,141147500
2022-02-25,162.3997802734375,162.6657563418219,158.47892564356454,161.40478265172962,91974200
2022-02-28,162.665771484375,162.96131550875083,160.01575128472777,160.63639223271767,95056600
2022-03-01,160.77432250976562,164.12379664388249,159.56260845656183,162.2520277075245,83474400
2022-03-02,164.0843963623047,164.87250887287016,160.52805162347443,161.9466511360931,79724800
2022-03-03,163.75930786132812,166.39948265353257,163.08942196348315,165.9660199986933,76678400
2022-03-04,160.74476623535156,163.0893965768349,159.6906776997061,162.04515399744983,83737200
2022-03-07,156.93228149414062,162.56726469889648,156.67613632811052,160.93193414652472,96418800
2022-03-08,155.09994506835938,160.4590918337938,153.4843212668971,156.4594387052954,131148300
2022-03-09,160.52804565429688,160.9812152164197,157.04066784211605,159.07989329168066,91454900
2022-03-10,156.1638946533203,158.00609571698396,153.66163868475533,157.81891731398164,105342000
2022-03-11,152.43020629882812,156.9125815524345,152.20362905353198,156.5677776744671,96970100
2022-03-14,148.38128662109375,151.82926511007037,147.86902635433808,149.19895189517598,108732100
2022-03-15,152.7848663330078,153.2577428312749,148.14488031272373,148.65714063785396,92964300
2022-03-16,157.2179718017578,157.62188148073074,152.1642304485378,154.71573104732857,102300200
2022-03-17,158.23265075683594,158.60700751026562,155.28710166640653,156.25253141620664,75615400
2022-03-18,161.542724609375,162.0352929982588,157.3854462046361,158.12429878796183,123511700
2022-03-21,162.92193603515625,163.87751997618588,160.58715149363252,161.07971991552427,95811400
2022-03-22,166.31077575683594,166.9018487251118,162.45888786413715,163.04996083241298,81532000
2022-03-23,167.6801300048828,170.0740050516706,165.15816734052234,165.49312525419109,98062700
2022-03-24,171.4827880859375,171.55173985257596,167.68015903541058,168.51751638457037,90131400
2022-03-25,172.1231231689453,172.67479743679507,170.18240224183327,171.29561176717067,80546200
2022-03-28,172.9900360107422,173.11809357884718,169.4435373556172,169.61100881544317,90371900
2022-03-29,176.30007934570312,176.3493241575945,173.7190108396555,174.06381471485844,100589400
2022-03-30,175.1277618408203,176.94040982813888,174.07365831750312,175.89616729266174,92633200
2022-03-31,172.0147247314453,175.38389053842545,171.8078394044231,175.1967121549276,103049300
2022-04-01,171.7191925048828,172.28072769395772,169.38442310861137,171.4433554045636,78751300
2022-04-04,175.78781127929688,175.83707112521444,171.84726411780443,171.97533671079117,76468400
2022-04-05,172.4580535888672,175.6499023764881,171.8275666096823,174.86178989450815,73401800
2022-04-06,169.2760467529297,171.0492958799614,167.60131731206394,169.79816801922325,89058800
2022-04-07,169.58143615722656,170.7833041707851,167.32547965885468,168.61600637046422,77594700
2022-04-08,167.56190490722656,169.22678840700246,166.68513380776986,169.22678840700246,76575500
2022-04-11,163.28643798828125,166.51768575466014,163.04015376808778,166.2024497694503,72246700
2022-04-12,165.16802978515625,167.34517356724112,164.1631860992743,165.52267961358555,79265200
2022-04-13,167.8673095703125,168.4977965392979,164.2912731044712,164.9020531279272,70618900
2022-04-14,162.83328247070312,168.72441234950367,162.5869982292415,168.08406430250508,75329400
2022-04-18,162.61654663085938,164.12380480496248,161.1388413596214,161.48363023704638,69023900
2022-04-19,164.9119110107422,165.32568173680733,161.47379285097983,162.56729541101794,67723800
2022-04-20,164.74441528320312,166.36989994769078,163.63122097212312,166.25167331536827,67929800
2022-04-21,163.9464569091797,168.98050632684885,163.44404257581323,166.39945283983835,87227800
2022-04-22,159.3852996826172,165.374934110747,159.09961658270828,163.98590244291836,84882400
2022-04-25,160.4591064453125,160.74478953822185,156.1048030598899,158.72525584449505,96046400
2022-04-26,154.46945190429688,159.92710311480064,154.3906391571423,159.83844441124967,95623200
2022-04-27,154.2428741455078,157.4150007741114,153.07055896241795,153.59268025761008,88063200
2022-04-28,161.20777893066406,162.07470409037728,156.5677781733732,156.88302915217585,130216800
2022-04-29,155.3068389892578,163.72976318035495,154.91279020979022,159.43456534336957,131747600
2022-05-02,155.61219787597656,155.87817395874512,150.99190440338296,154.3807770157754,123055300
2022-05-03,157.10960388183594,158.32133290120754,153.996583191987,155.79937020716176,88966500
2022-05-04,163.5524139404297,164.0055684455129,156.89287962543,157.29678931665225,108256500
2022-05-05,154.43991088867188,161.64125898319347,152.64695457490816,161.41468171268338,130525300
2022-05-06,155.1699676513672,157.30099321709514,152.1115504938457,153.91700145474738,116124600
2022-05-09,150.01998901367188,153.73941561249285,149.45764385540176,152.85148081205793,131577900
2022-05-10,152.43711853027344,154.6372121237767,150.87831369588534,153.4335782017059,115366700
2022-05-11,144.53457641601562,153.36450145245806,143.8538309512056,151.4406653915249,142689800
2022-05-12,140.64743041992188,144.23859603195632,136.93787953021916,140.85461970992037,182602000
2022-05-13,145.1363983154297,146.1131220663248,141.19006162279788,142.6502019839293,113990900
2022-05-16,143.5874786376953,145.54092647551983,142.24572332922702,143.59735411573675,86643800
2022-05-17,147.23780822753906,147.7606965668223,144.7121404280755,146.8629014733066,78336300
2022-05-18,138.93080139160156,145.38305576655117,138.02313063348345,144.87990321822826,109742900
2022-05-19,135.50735473632812,139.7595305072189,134.76741653803163,138.00341172092175,136095600
2022-05-20,135.74411010742188,138.8123874278818,130.8309252366742,137.22398633811162,137426100
2022-05-23,141.1900634765625,141.3380450828472,135.80330719659918,135.94142838049157,117726300
2022-05-24,138.4769744873047,140.06537583009975,135.48762522944844,138.92093441641646,104132700
2022-05-25,138.6348114013672,139.88776245487574,136.48405008857472,136.57283905065083,92482700
2022-05-26,141.85107421875,142.40355895877516,135.30015577230265,135.5468018208196,90601500
2022-05-27,147.63246154785156,147.67191829271428,143.31121786248204,143.43947862792666,90978500
2022-05-31,146.84320068359375,148.6387912999033,144.87003212276906,147.0701259070272,103718400
2022-06-01,146.7149200439453,149.7042684977662,145.6987246272328,147.88894241277572,74286600
2022-06-02,149.18141174316406,149.2406043897797,144.88976421455953,145.8467521457281,72348100
2022-06-03,143.4296417236328,145.98489165025524,142.5219859021559,144.92923913959484,88570300
2022-06-06,144.17942810058594,146.57683576275574,142.9560581567467,145.0574875199462,71598400
2022-06-07,146.7149200439453,147.00102279337307,142.16676699159797,142.41341300299624,67808200
2022-06-08,145.97499084472656,147.85935504475933,145.48169879207404,146.5866681727105,53950200
2022-06-09,140.7263641357422,145.9651236224784,140.61783927585907,145.10680021963537,69473000
2022-06-10,135.29029846191406,138.87158893198634,135.22123034078209,138.398032723083,91437900
2022-06-13,130.1107177734375,133.3861692038421,129.67661835461882,131.08742641170062,122207100
2022-06-14,130.9789276123047,132.0937727002188,129.71610089948248,131.3439740438812,84784300
2022-06-15,133.61306762695312,135.49744673257783,130.38694869575667,132.48836243769395,91533000
2022-06-16,128.3151397705078,130.61388278319032,127.30881966252552,130.30804408715656,108123900
2022-06-17,129.79501342773438,131.2946256093659,128.06849109789493,128.32501262151087,134520300
2022-06-21,134.04718017578125,135.221217692565,131.5314027016207,131.63005208162124,81000500
2022-06-22,133.53421020507812,135.9118672684598,132.11352620038363,132.98171027229836,73409200
2022-06-23,136.4149932861328,136.7306923828884,133.8104117580623,134.98444929360062,72433800
2022-06-24,139.75950622558594,140.00615224883282,137.89486289200275,138.0231085873177,89116800
2022-06-27,139.75950622558594,141.56495692224246,139.07876079277202,140.78554705849837,70207900
2022-06-28,135.59616088867188,141.49593132217902,135.47777557924968,140.22324408364128,67083400
2022-06-29,137.3621368408203,138.78282073421525,134.8364832765994,135.61589335476486,66242400
2022-06-30,134.88580322265625,136.51366125405357,131.97538262351003,135.40869168384842,98964500
2022-07-01,137.06613159179688,137.17465645272313,133.84001219295945,134.2149039410031,71051600
2022-07-05,139.66085815429688,139.71019037554066,135.09296845138468,135.92171062767136,73353800
2022-07-06,141.00262451171875,142.1865226454718,139.18731303635866,139.4536950090296,74064300
2022-07-07,144.38662719726562,144.58394105857158,141.35780598422573,141.36766640836208,66253700
2022-07-08,145.06732177734375,145.5704893110605,143.05469680471356,143.31120325537773,64547800
2022-07-11,142.92645263671875,144.67271093962017,141.85107943859236,143.71572303183265,63141600
2022-07-12,143.90316772460938,146.4584171134617,143.1040369550832,143.80450328591834,77588800
2022-07-13,143.5381317138672,144.48524405643747,140.21333293071814,141.07167136789155,71185600
2022-07-14,146.47813415527344,146.95169028105207,141.32816424343767,142.1470308061019,78140700
2022-07-15,148.15533447265625,148.83607991941642,146.21176256532723,147.77056727067165,76259900
2022-07-18,145.096923828125,149.53655206440538,144.7318774919245,148.71768549433543,81420900
2022-07-19,148.97422790527344,149.2011380770062,144.9391017690307,145.93554648323237,82982400
2022-07-20,150.98684692382812,151.65773204162863,148.35266878408055,149.09260697122585,64823400
2022-07-21,153.26588439941406,153.48293416018166,149.90162816159852,152.4272816824408,65086600
2022-07-22,152.0227508544922,154.18337259135419,151.35188084612065,153.30531328387983,66675400
2022-07-25,150.89805603027344,152.9600134725139,150.23704639800843,151.94383291278464,53623900
2022-07-26,149.566162109375,151.03616284792213,148.77689178411194,150.21729620269366,55138700
2022-07-27,154.6865234375,155.2192873128582,150.11864902484623,150.53301256452508,78620700
2022-07-28,155.23904418945312,155.52514701000848,152.33848396565298,154.87399776505708,81378700
2022-07-29,160.32981872558594,161.4348034441938,157.36020522513311,159.07686742887702,101786900
2022-08-01,159.3432159423828,161.39531297785308,158.73153852797333,158.8499238200317,67829400
2022-08-02,157.8633270263672,160.2311380578776,157.48843527995646,157.9521310424326,59907000
2022-08-03,163.90126037597656,164.3550807397493,158.59343183685212,158.6822208140143,82507500
2022-08-04,163.5855255126953,164.94701654031078,162.22403448507984,163.78283934395313,55474100
2022-08-05,163.35830688476562,163.85228420818493,161.0366074346982,161.2440845435306,56697000
2022-08-08,162.88406372070312,165.78865254333672,162.2221359735368,164.36599556286393,60276900
2022-08-09,162.93348693847656,163.82265521141719,161.28360440228838,162.04433374052826,63135500
2022-08-10,167.20144653320312,167.30023295092772,164.8896212485773,165.6602246517888,70170500
2022-08-11,166.46047973632812,168.93036629204852,166.16409033464345,168.0115606543251,57149200
2022-08-12,170.02699279785156,170.09614178090018,167.3595033161668,167.77445751442195,68039400
2022-08-15,171.1038818359375,171.3014697666332,169.28604875354864,169.4539992483896,54091700
2022-08-16,170.94581604003906,171.6176331359699,169.59232280227278,170.69882734263683,56377100
2022-08-17,172.44749450683594,174.02821296907027,170.49134843763704,170.6889363610423,79542000
2022-08-18,172.0522918701172,172.79325783867927,171.03469981262458,171.6571160502139,62290100
2022-08-19,169.45394897460938,171.64720902711628,169.2464719101881,170.94575474501303,70346300
2022-08-22,165.55157470703125,167.81398431506034,165.12674635116147,167.64603382669068,69026800
2022-08-23,165.2156524658203,166.6778362068351,164.64263695785368,165.0674652978081,54147100
2022-08-24,165.5120391845703,166.0850546832161,164.24745845479734,165.30457715272786,53841500
2022-08-25,167.98190307617188,168.09057867459015,166.32214674577233,166.7469599464141,51218200
2022-08-26,161.64915466308594,168.9896664440764,161.58987978887768,168.5154523754168,78961000
2022-08-29,159.4361114501953,160.9377915248913,157.89490475117088,159.2088710477823,73314000
2022-08-30,156.99586486816406,160.60189303087512,155.8201965138857,160.17707980033242,77906200
2022-08-31,155.32620239257812,158.64573000223655,155.24716422627807,158.37897807534745,87991100
2022-09-01,156.0573272705078,156.5117779795205,152.80694794412756,154.75321986205336,74229900
2022-09-02,153.93321228027344,158.42840897250582,153.10333398862824,157.8257560303605,76957800
2022-09-06,152.66864013671875,155.19780178242627,151.83876179828206,154.58527468619812,73714800
2022-09-07,154.0814208984375,154.78286029004315,151.75972133468971,152.95515314889423,87449600
2022-09-08,152.59950256347656,154.47661062300332,150.8409291790334,152.77732718859244,84923800
2022-09-09,155.47442626953125,155.9190179443951,152.88598978028585,153.5973183700772,68028800
2022-09-12,161.46142578125,162.2814299729469,157.38118321231417,157.66768343592295,104956000
2022-09-13,151.98690795898438,158.60619971495507,151.5225681645741,157.97390947416062,122656600
2022-09-14,153.4392547607422,155.2077022622918,151.75973464655632,152.92551405316988,87965400
2022-09-15,150.53463745117188,153.37007740177668,149.55657204599007,152.78717273127475,90481100
2022-09-16,148.884765625,149.52694520493873,146.58282943689548,149.38863215425823,162278800
2022-09-19,152.61923217773438,152.6982703598037,147.30404633975175,147.51150837706584,81474200
2022-09-20,155.01007080078125,156.17586506845922,151.23609206556637,151.55222969875626,107689800
2022-09-21,151.86839294433594,156.8279296043556,151.749843208038,155.44478402258142,101696800
2022-09-22,150.9001922607422,152.60934951167334,149.0922335190095,150.5445279988441,86652500
2022-09-23,148.61801147460938,149.64549275752094,146.77054109426695,149.3688666601967,96029900
2022-09-26,148.9539337158203,151.91779780340053,147.8375400855009,147.85730340041596,93339400
2022-09-27,149.93199157714844,152.85634396088452,148.14379608075552,150.90019798375215,84442700
2022-09-28,148.0351104736328,148.82547715169355,143.09533757949137,145.8616134152087,146691400
2022-09-29,140.76376342773438,144.9526962468605,138.98544218022843,144.34016923521585,128138200
2022-09-30,136.53530883789062,141.37629493121383,136.33772095295666,139.5782105058394,124925300
2022-10-03,140.73414611816406,141.34668829237813,136.0314871023825,136.54522777511258,114311700
2022-10-04,144.34017944335938,144.45872917658045,142.52233144235086,143.283060738833,87830100
2022-10-05,144.6365509033203,145.6047572886982,141.28738533142962,142.33462989571538,79471000
2022-10-06,143.67825317382812,145.76283831553877,143.47079111671093,144.05368080574547,68402200
2022-10-07,138.4025421142578,141.37629480353934,137.77025183804656,140.82302762123885,85925600
2022-10-10,138.72860717773438,140.1809018975531,136.9008998958151,138.72860717773438,74899000
2022-10-11,137.30592346191406,139.6473860701425,136.55508340726573,138.21483986753802,77033700
2022-10-12,136.67364501953125,138.66931766793832,136.49582041546117,137.45413764848382,70433700
2022-10-13,141.26763916015625,141.86040289815247,132.7514599268568,133.36400205360843,113224000
2022-10-14,136.71316528320312,142.77920605337536,136.52545149320736,142.5717289499613,88598000
2022-10-17,140.6946258544922,141.17871398682112,138.5804034985276,139.37077023650323,85250900
2022-10-18,142.0184783935547,144.93294154385023,138.91630145112296,143.73752488075877,99136600
2022-10-19,142.1271514892578,143.20401840140053,139.79557799531165,139.9832917841237,61758300
2022-10-20,141.66282653808594,144.13271333530133,140.93173461911283,141.2972881160957,64522000
2022-10-21,145.49607849121094,146.06909396950246,140.93171797792078,141.14906919641035,86548600
2022-10-24,147.64981079101562,148.42041416694138,144.241370462884,145.41703883961424,75981900
2022-10-25,150.50502014160156,150.6532223962857,147.56091926345547,148.28212199627467,74732300
2022-10-26,147.55101013183594,150.15920940047252,146.2567770779952,149.14161747473483,88194300
2022-10-27,143.0558319091797,147.25463904177826,142.3939041231572,146.28644773572952,109180200
2022-10-28,153.8640594482422,155.6028541694243,146.0394605904358,146.41487309870763,164762400
2022-10-31,151.4929656982422,152.38213394751943,150.09007187381837,151.3151410933819,97943200
2022-11-01,148.8353729248047,153.57755860812748,147.33369260049676,153.21202018477516,80379300
2022-11-02,143.28306579589844,150.337061596357,143.25342836154712,147.15584632605294,93604600
2022-11-03,137.2071533203125,141.07993392854812,137.0787143855393,140.348842024828,97918500
2022-11-04,136.93997192382812,141.18532197027406,132.98159738728157,140.61135585047475,140814800
2022-11-07,137.4743194580078,137.70192172217736,134.25814076431703,135.6831577399827,83374600
2022-11-08,138.04830932617188,139.9582177555876,136.0592315955368,138.9488431400416,89908500
2022-11-09,133.4664764404297,137.1081885341623,133.18939145612384,137.05870583696503,74917800
2022-11-10,145.3415985107422,145.3415985107422,138.04829894677263,139.77019714382882,118854000
2022-11-11,148.1421356201172,148.44890717190938,142.86760074898706,144.3025233234953,93979700
2022-11-14,146.73690795898438,148.71609475648887,145.89574753004618,147.41972982012294,73374100
2022-11-15,148.47857666015625,151.99163600333424,147.0139827590552,150.63589797258504,89868300
2022-11-16,147.24160766601562,148.31037043946992,145.75721744177326,147.57808092617586,64218300
2022-11-17,149.15151977539062,149.90360533004466,144.62907064938662,144.90615559583793,80389400
2022-11-18,149.71560668945312,151.11093726698712,148.40935101048493,150.7249963732011,74829600
2022-11-21,146.4697265625,148.80516779562268,146.18275109529347,148.59736161936925,58724100
2022-11-22,148.61712646484375,148.8546343118898,145.40094798191168,146.58847211714544,51804100
2022-11-23,149.49790954589844,150.2499952315402,147.7859017785828,147.8947576765046,58301400
2022-11-25,146.5686798095703,147.3306709593728,145.5889769026814,146.7665954705588,35195900
2022-11-28,142.7191925048828,145.11400724355855,141.88793749145825,143.62961681958598,69246000
2022-11-29,139.700927734375,143.30304786104585,138.8894688283668,142.7884549572357,83763800
2022-11-30,146.489501953125,147.17232377857636,139.0873479453257,139.92849323030507,111380900
2022-12-01,146.7666015625,147.57807543623127,145.08429572427386,146.66765127789708,71250400
2022-12-02,146.27182006835938,146.45984525867783,144.1342943784221,144.44108106262544,65447400
2022-12-05,145.10411071777344,149.34946051004155,144.2530596393701,146.23224678914536,68826400
2022-12-06,141.42282104492188,145.7671362234273,140.44311797232058,145.5395339297925,64727200
2022-12-07,139.4733123779297,141.87801737065325,138.54309205811114,140.7103042713057,69721100
2022-12-08,141.16552734375,142.02648408244,139.63166927482092,140.87855183085378,62128300
2022-12-09,140.68063354492188,144.05515143475162,139.43373591172943,140.8587531496634,76097000
2022-12-12,142.9863739013672,142.99626440062022,139.59206025771292,141.2149930351456,70462700
2022-12-13,143.9561767578125,148.40934778946271,142.73898090382795,147.94423760704595,93886200
2022-12-14,141.7196807861328,145.13377507630975,139.69101124849232,143.83741010786554,82291200
2022-12-15,135.07952880859375,140.3243780021143,134.6144186003004,139.64155598993895,98931900
2022-12-16,133.11019897460938,136.2175215573563,132.33831735278028,135.26752037664195,160156900
2022-12-19,130.99249267578125,133.79304421919323,129.95343153387856,133.70398442417286,79592600
2022-12-20,130.92323303222656,131.8633439087619,128.538308891753,130.0226992547034,77432800
2022-12-21,134.04042053222656,135.38626813534808,131.36852142161675,131.5961236714103,85928000
2022-12-22,130.85394287109375,133.1596975133203,128.94403468461323,132.95189133655217,77852100
2022-12-23,130.48780822753906,131.04197820854492,128.29090930283763,129.5575878594223,63814900
2022-12-27,128.67686462402344,130.04250873040812,127.38049932303561,130.0128221280955,69007800
2022-12-28,124.7283706665039,129.66644031626882,124.56014157673225,128.3205924980965,85438400
2022-12-29,128.26121520996094,129.12215673015015,126.40078213242634,126.6580710085752,75703700
2022-12-30,128.57789611816406,128.5976922192292,126.10391953505118,127.07372463723176,77034200
2023-01-03,123.76846313476562,129.53778770648333,122.87782744316272,128.92424454671203,112117500
2023-01-04,125.04503631591797,127.32110440506466,123.77835783326215,125.56951966733021,89113600
2023-01-05,123.71897888183594,126.44036106917035,123.46169000194207,125.80702181866339,80962700
2023-01-06,128.27113342285156,128.93415940463896,123.59035934545592,124.69870703217586,87754700
2023-01-09,128.7955780029297,132.02166222689684,128.53828914886986,129.11225514638548,70790800
2023-01-10,129.36956787109375,129.8940512742199,126.786727955699,128.9044576683215,63896200
2023-01-11,132.100830078125,132.1206110743782,129.1023632460795,129.88413539800015,69458900
2023-01-12,132.02166748046875,132.86281286375012,130.07216715098443,132.48677761592936,71379600
2023-01-13,133.3576202392578,133.51595882992456,130.28988932008468,130.65603409850235,57809700
2023-01-17,134.52532958984375,135.86127162359787,132.7341679468124,133.42688030875863,63646600
2023-01-18,133.80294799804688,137.16755996413974,133.62481331043077,135.39619418728472,69672800
2023-01-19,133.86231994628906,134.8321173698302,132.37792966331844,132.68470123913258,58280400
2023-01-20,136.4352264404297,136.58367449869263,132.82321685596753,133.8721833610444,80223600
2023-01-23,139.64154052734375,141.82854882417135,136.4649387224491,136.68265050222374,81760300
2023-01-24,141.04676818847656,141.67021696013663,138.83997878878998,138.8498692883404,66435100
2023-01-25,140.3837432861328,140.94780376437996,137.36547990253146,139.42383632315142,65799300
2023-01-26,142.46189880371094,142.7488742986824,140.42332333943187,141.68011141740982,54105100
2023-01-27,144.411376953125,145.69785156540507,141.59104444543297,141.6702137400347,70555800
2023-01-30,141.51185607910156,144.03532226694506,141.36342310922714,143.45146578544313,64015300
2023-01-31,142.7884521484375,142.8379348478305,140.7993744728372,141.21500196773877,65874500
2023-02-01,143.91659545898438,145.08432380327815,139.84938010470844,142.4717972041809,77663600
2023-02-02,149.25050354003906,149.60674271507267,146.62807162382762,147.35047067319957,118339000
2023-02-03,152.89219665527344,155.74223078414798,146.29160978319123,146.4895254643634,154357300
2023-02-06,150.15103149414062,151.5067849832526,149.21092060169065,150.98230158746472,69858300
2023-02-07,153.04061889648438,153.61458490158566,149.07235465259149,149.07235465259149,83322600
2023-02-08,150.3390655517578,152.97138828573426,149.59687031398255,152.2786757504775,64120100
2023-02-09,149.2999725341797,152.7239728262669,148.8546584612201,152.17969335931676,56007100
2023-02-10,149.66668701171875,149.99375331566142,147.89261658821053,148.1304871155474,57450700
2023-02-13,152.48143005371094,152.88777139634084,149.5774860679603,149.6072179924685,62199000
2023-02-14,151.8372039794922,152.402140794644,149.5180231156205,150.7668093216158,61707600
2023-02-15,153.94827270507812,154.11675866505783,151.52006956422687,151.74801937795763,65573800
2023-02-16,152.34266662597656,154.93935535973205,151.985868430853,152.14443364408874,68167900
2023-02-17,151.1929931640625,151.63898716051196,149.50811855355659,150.99477529042434,59144100
2023-02-21,147.1591796875,149.954101404135,147.08981024225724,148.86388049557812,58867200
2023-02-22,147.5853729248047,148.61611493809133,145.8509400709552,147.54572027637772,51011300
2023-02-23,148.0709991455078,149.00263975049123,145.9302250217555,148.7548636373809,48394200
2023-02-24,145.40492248535156,145.88064832791278,144.4237237572079,145.80135816697728,55469600
2023-02-27,146.60415649414062,147.84303695578296,146.13833623071892,146.39603304549414,44998500
2023-02-28,146.0987091064453,147.7538517062128,145.5238667165713,145.74191090318052,50547000
2023-03-01,144.0173797607422,145.92029841797654,143.72004541238144,145.52386270219765,55479000
2023-03-02,144.612060546875,145.40494716777042,142.61993083245534,143.09567187882521,52238100
2023-03-03,149.68649291992188,149.76578308488604,146.01940974788184,146.72308538697828,70732300
2023-03-06,152.4615936279297,154.90962273726373,152.09488983458962,152.42194098250997,87558000
2023-03-07,150.25143432617188,152.6598107789335,149.78561404449275,152.33274450947457,56182000
2023-03-08,151.51014709472656,152.10481587149795,150.47940502111874,151.45068324166047,47204800
2023-03-09,149.2504119873047,153.16527144816123,148.89361378877035,152.1939933444496,53833600
2023-03-10,147.1790313720703,149.5973289873677,146.29694889334849,148.87382687231752,68572400
2023-03-13,149.13148498535156,151.77773200211703,146.38612147623616,146.49514356859967,84457100
2023-03-14,151.2326202392578,152.03541240200406,148.76477990534212,149.9342758651321,73695900
2023-03-15,151.6290740966797,151.8867558074207,148.5863761992532,149.84508307563596,77167900
2023-03-16,154.46365356445312,155.06822795817413,150.29109666302523,150.80647527481747,76161100
2023-03-17,153.62118530273438,155.34571244010942,152.90758890954837,154.69157989251337,98944600
2023-03-20,155.99984741210938,156.41612462417007,152.77875768053804,153.69058715899433,73641400
2023-03-21,157.8631134033203,157.98204109629864,155.14748180357108,155.9205571770909,73938300
2023-03-22,156.426025390625,160.6976833752444,156.40619906612653,157.88295021864405,75701800
2023-03-23,157.51622009277344,160.11292398786247,156.2773395529773,157.41711872342182,67622100
2023-03-24,158.82449340820312,158.91368918214428,156.4458486981132,157.44685878169065,59196500
2023-03-27,156.8719940185547,159.33984927406593,156.4656376088627,158.5172308555622,52390300
2023-03-28,156.24761962890625,157.08015890910474,154.5924769153983,156.56478033051607,45992200
2023-03-29,159.3398895263672,159.61739760234553,157.9325228201753,157.95233402341952,51305700
2023-03-30,160.91571044921875,161.0247325377752,159.83541028637475,160.09309198521143,49501700
2023-03-31,163.43310546875,163.53222195551984,160.46971306479455,160.99499717395898,68749800
2023-04-03,164.6918182373047,164.81074592730272,162.75916765957112,162.80872590475465,56976200
2023-04-04,164.15664672851562,165.35587473056947,163.64126814290196,165.11801932417455,46278300
2023-04-05,162.3032684326172,163.58180171406576,160.36071207007467,163.27456173694304,51511700
2023-04-06,163.1952667236328,163.492601091182,160.55892518671305,160.98509285252538,45390100
2023-04-10,160.58865356445312,160.58865356445312,158.65600290264854,159.98407924224205,47716900
2023-04-11,159.36959838867188,160.9157189090824,159.08216962961518,160.90581330889393,47644200
2023-04-12,158.67584228515625,160.61839870707885,158.35868157452518,159.78587452625487,50133100
2023-04-13,164.08726501464844,164.32513554824666,159.98409282917345,160.1922314364538,68445600
2023-04-14,163.74037170410156,164.84049824090104,162.36273713306923,163.1258766656828,49386500
2023-04-17,163.76019287109375,163.91877322117935,162.57087049156098,163.6214388455325,41516200
2023-04-18,164.9891815185547,165.92082224839072,164.17646849957234,164.6224776613853,49923000
2023-04-19,166.13885498046875,166.66413916449648,164.06743504696098,164.32513190006836,47720200
2023-04-20,165.16754150390625,166.37669007657564,164.08724134206236,164.61252546197005,52456400
2023-04-21,163.55206298828125,164.9693351136413,163.0267788318698,163.58179491237593,58337300
2023-04-24,163.8592987060547,164.12690113902568,162.43210589428088,163.5322324264354,41949600
2023-04-25,162.3131866455078,164.83058539726287,162.2735339969769,163.72055320726747,48714100
2023-04-26,162.3032684326172,163.80975151595447,161.3518165759181,161.6094983031377,45498800
2023-04-27,166.91192626953125,167.06058590759594,163.72056830592638,163.72056830592638,64902300
2023-04-28,168.17059326171875,168.3390943239458,166.3866173772678,166.99119168750394,55209200
2023-05-01,168.08140563964844,168.93375609993646,167.13985940542491,167.77416566961222,52472900
2023-05-02,167.04074096679688,168.8346527635164,166.0496364953305,168.57695592218053,48425700
2023-05-03,165.96041870117188,169.39955197066647,165.67300509672728,167.9921856226939,65136000
2023-05-04,164.31520080566406,165.5540813733989,162.84837044792107,163.42321284611648,81235400
2023-05-05,172.02598571777344,172.74948764380088,169.24096984871892,169.4590140110371,113316400
2023-05-08,171.9566192626953,172.30351186374347,170.57898470464832,170.94568850577377,55962800
2023-05-09,170.2420196533203,171.99626368287582,170.0735337075861,171.51063216959898,45326900
2023-05-10,172.01608276367188,172.48190305646256,170.3708457773496,171.48089302464294,53724500
2023-05-11,172.20440673828125,173.0369308880872,170.63845981475797,172.30352323742437,49514700
2023-05-12,171.271484375,172.7502630057861,169.71329075220336,172.31357141356355,45497800
2023-05-15,170.77523803710938,171.9066593124194,170.1797467789581,171.8570325169115,37266700
2023-05-16,170.77523803710938,171.83717876991398,170.50726545654413,170.69583819309108,42110300
2023-05-17,171.3905792236328,171.62876362745493,169.13765582565435,170.41795757208934,57951600
2023-05-18,173.73281860351562,173.92139134908305,171.28140319908402,171.69824104214084,65496700
2023-05-19,173.84197998046875,175.06272037880413,173.62363419943688,175.06272037880413,55772400
2023-05-22,172.88922119140625,173.39539336547992,172.1448646003319,172.67087537983988,43570900
2023-05-23,170.26907348632812,172.07538594402806,169.99118159190851,171.8272670994411,50747300
2023-05-24,170.5469512939453,171.1225887831174,169.2368917775998,169.80259482166662,45143500
2023-05-25,171.68832397460938,172.5914650743336,170.39810293275275,171.11268642842802,56058300
2023-05-26,174.10992431640625,174.44737740787394,171.8073896313986,172.01581609542365,54835000
2023-05-30,175.96588134765625,177.64316710040904,175.24137858755796,175.62844336557998,55964400
2023-05-31,175.916259765625,178.00046410534546,175.4299413812976,175.99565961269718,99625300
2023-06-01,178.73487854003906,178.76465158842046,175.59865286277548,176.3628631071657,68901800
2023-06-02,179.58839416503906,180.41215044305542,177.91110856290692,179.66779400262783,61945900
2023-06-05,178.2287139892578,183.55830143833987,176.70029356551757,181.25576664565278,121946500
2023-06-06,177.8614959716797,178.7646369385223,176.09487609665206,178.61577170881486,64848400
2023-06-07,176.4819793701172,179.84647030311896,175.9857416800345,177.09730925974853,61944600
2023-06-08,179.21128845214844,179.4792459038042,176.1246893833045,176.5613658339937,50214900
2023-06-09,179.59832763671875,180.8587602986888,179.27080898742852,180.1342576075761,48870700
2023-06-12,182.40704345703125,182.50629705263665,179.60827075983389,179.90601640267764,54274900
2023-06-13,181.93064880371094,182.7643244394129,181.06720011987474,181.42449184145724,54929100
2023-06-14,182.56582641601562,183.00251796629055,180.6503563770028,181.99018893101425,57462900
2023-06-15,184.6103515625,185.11652373019436,182.39713556657819,182.57578902105072,65433200
2023-06-16,183.52853393554688,185.58296511233405,182.88343103661734,185.32491183758503,101235600
2023-06-20,183.61785888671875,184.69966852666565,183.0223827636369,183.0223827636369,49799100
2023-06-21,182.5757598876953,184.01484602054117,181.21605845086614,183.50867393361597,49515700
2023-06-22,185.5928955078125,185.64252230545932,182.28795068496888,182.35743123046893,51245300
2023-06-23,185.27529907226562,186.14868226406438,183.61786698344585,184.15381217622152,53079300
2023-06-26,183.87591552734375,186.6349958367303,183.83620803203,185.42417467718977,48088700
2023-06-27,186.6448974609375,186.9724161183805,184.27288216367234,184.491227935301,50730800
2023-06-28,187.82595825195312,188.47106116590345,186.18837999717346,186.5158835329519,51216800
2023-06-29,188.16339111328125,188.63979016757608,187.51828821688443,187.6572341550609,46347300
2023-06-30,192.5104522705078,193.01660926668555,189.82083730500045,190.18806349655458,85069600
2023-07-03,191.01181030273438,192.42112346606635,190.31706545063716,192.32186987463191,31458200
2023-07-05,189.8903045654297,191.5278827838796,189.18564042572623,190.12850409377413,46920300
2023-07-06,190.36669921875,190.57512571080738,187.7763378847441,188.41152151886186,45094300
2023-07-07,189.2451934814453,191.2202248903426,188.80851704604538,189.9697113944817,46778000
2023-07-10,187.1907958984375,188.56041687039792,185.63260216726823,187.83589888565078,59922200
2023-07-11,186.66476440429688,187.8755855347649,185.19590513637428,187.73663959244752,46638100
2023-07-12,188.342041015625,190.2575110663078,187.05182010303508,188.25270672963643,60750200
2023-07-13,189.10626220703125,189.75138032441,188.35198633031388,189.06656985308751,41342300
2023-07-14,189.255126953125,189.74143018258206,188.203105504946,188.79858162868422,41573900
2023-07-17,192.53030395507812,192.85782264696726,190.36669975701497,190.4560189064468,50520200
2023-07-18,192.27223205566406,192.86772328218646,190.97209185986017,191.89510174657278,48353800
2023-07-19,193.63194274902344,196.7383802309494,191.20036607775168,191.6469920909872,80507300
2023-07-20,191.67677307128906,194.99163717283173,191.05150874206208,193.6220163160383,59581200
2023-07-21,190.4957275390625,193.50292673966078,189.79106335340356,192.6394780020551,71917800
2023-07-24,191.2996063232422,193.44335651892717,190.8033686933505,191.95464362925216,45377800
2023-07-25,192.16307067871094,192.97690772743897,191.468340968804,191.87525949316802,37283200
2023-07-26,193.03643798828125,194.16785917844345,191.86532445108293,192.21268170555348,47471900
2023-07-27,191.76609802246094,195.71614587462116,191.1011413216581,194.54503217158796,47460200
2023-07-28,194.3564453125,195.15042860374737,192.6791595850325,193.20517029738988,48291400
2023-07-31,194.97177124023438,195.01147873318087,193.79072320060368,194.58470647584855,38824100
2023-08-01,194.13809204101562,195.24965951950642,193.81057337810935,194.76335631965225,35175100
2023-08-02,191.1309051513672,193.71133198080406,190.40640238454526,193.57238603724957,50389300
2023-08-03,189.7315216064453,190.92248906521922,189.25513765173034,190.12852085535187,61235200
2023-08-04,180.62059020996094,185.9700316166551,180.55110966796553,184.12402690270278,115799700
2023-08-07,177.5042266845703,181.75202007346337,176.01551362367866,180.7595446995356,97576100
2023-08-08,178.4470672607422,178.91353187709316,176.2437708178845,178.33789436874574,67823000
2023-08-09,176.8491668701172,179.56853935758778,175.67803820257308,179.50899326574103,60378500
2023-08-10,176.630859375,179.38993995083098,176.2636482997338,178.1294918724129,54686900
2023-08-11,176.6904754638672,177.5153442624666,175.458153778981,176.2233960656567,51988100
2023-08-14,178.3501434326172,178.57871676071744,176.21343092354076,176.86935281922499,43675600
2023-08-15,176.35255432128906,178.36999853743362,175.9550341940922,177.77371834663836,43622600
2023-08-16,175.47801208496094,177.43581469068437,175.40843772025733,176.03454634490478,46964900
2023-08-17,172.92391967773438,176.4122070810067,172.40713130392336,176.04450015039933,66062900
2023-08-18,173.41090393066406,174.01713210367805,170.89655146662832,171.23444515927903,61114200
2023-08-21,174.7525177001953,175.0407326935708,172.66551420323125,173.98729066685254,46311900
2023-08-22,176.13392639160156,176.58114035802282,175.15999139470742,175.96497956715007,42084200
2023-08-23,179.9998779296875,180.4272265262981,177.2271390578494,177.41596644953157,52722800
2023-08-24,175.28919982910156,179.98001065949663,174.92147774645116,179.55266206734146,54945800
2023-08-25,177.50540161132812,178.04205535297126,174.73266281139772,176.28301269216934,51449600
2023-08-28,179.0756378173828,179.4731579970015,177.4457808178697,178.97625019026674,43820700
2023-08-29,182.98130798339844,183.75648287285222,178.38988515133815,178.5886452216866,53003900
2023-08-30,186.48947143554688,186.68824666593932,183.5974798721571,183.79623993812856,60813900
2023-08-31,186.70814514160156,187.95041472957607,186.32055763673046,186.67833188464405,60794500
2023-09-01,188.2882843017578,188.74543092268522,187.1155741698604,188.31809755249566,45732600
2023-09-05,188.5268096923828,188.8050768374951,186.44973880050088,187.11559340947835,45280000
2023-09-06,181.77879333496094,187.6820597205448,180.34769661549566,187.2348306223963,81755800
2023-09-07,176.46189880371094,177.1078880544232,172.46675577109517,174.09661277894284,112488800
2023-09-08,177.0780487060547,179.12532149203676,176.6904612453168,177.24701069547294,65551300
2023-09-11,178.25076293945312,179.18495201045798,176.2432512228952,178.9563786732192,58953100
2023-09-12,175.20968627929688,179.0160016942275,173.73884349638047,178.37996034233754,90370200
2023-09-13,173.13262939453125,176.20351608404937,172.90404087884383,175.41839323601963,84267900
2023-09-14,174.6531524658203,175.0109266750055,172.5065072107091,172.92390792735483,60895800
2023-09-15,173.92764282226562,175.40843335624928,172.74501513151833,175.38855280048267,109205100
2023-09-18,176.86935424804688,178.27063780985006,175.08048322919404,175.38856362269223,67257600
2023-09-19,177.9625701904297,178.51910451081574,176.03456546307592,176.42215294794642,51826900
2023-09-20,174.4047088623047,178.58866413640885,174.31525393141538,178.15138283667608,58436200
2023-09-21,172.85433959960938,175.20969287756472,172.78478039328195,173.47051558188582,63047900
2023-09-22,173.7090301513672,175.9848764735621,172.97361627830674,173.5897771264219,56725400
2023-09-25,174.9910430908203,175.87553831983675,173.07297120229282,173.12266501245767,46172700
2023-09-26,170.8965301513672,174.11648285641874,170.5983824508641,173.7388432559087,64588900
2023-09-27,169.3759765625,171.9698357492923,168.00452141810098,171.5524350388733,66921800
2023-09-28,169.63436889648438,170.96607801740788,166.58334805459177,168.2927119154032,56294400
2023-09-29,170.1511688232422,171.99966637275853,169.28653897360869,170.956157001118,51814200
2023-10-02,172.6754608154297,173.2220624293127,169.87289353938732,170.16110855599047,52164500
2023-10-03,171.33380126953125,172.55620536089927,169.76358598551198,171.1946676938173,49594600
2023-10-04,172.5860137939453,173.13261538484517,169.91264751116213,170.03190052575047,53020300
2023-10-05,173.8282928466797,174.36494660639528,171.61207310700374,172.71520904615178,48527900
2023-10-06,176.392333984375,176.88924177784276,172.10897606656815,172.7251520422754,57224100
2023-10-09,177.88307189941406,177.94269841319462,174.7127974917425,175.71654585737048,42390800
2023-10-10,177.28675842285156,178.60853494693302,176.84947714698436,176.99855858071479,43698000
2023-10-11,178.68804931640625,178.7377431296811,176.50165801211756,177.09793827814755,47551100
2023-10-12,179.59242248535156,181.21233159015208,177.9327371003315,178.95638111240146,56743100
2023-10-13,177.7439422607422,180.80488124191163,177.0383264483429,180.29804069909454,51427100
2023-10-16,177.61471557617188,177.97248977927228,175.41837654739012,175.65689773759766,52517000
2023-10-17,176.05441284179688,177.31656279493396,173.71895547455762,175.55750508309643,57549400
2023-10-18,174.7525177001953,176.48176216718392,174.027036615376,174.4941311237392,54764400
2023-10-19,174.3748779296875,176.74014855708347,174.10654349306773,174.9512775869872,59302900
2023-10-20,171.81085205078125,174.33513709455804,171.57233083888437,174.22581676799155,64189300
2023-10-23,171.9300994873047,172.93384778812512,168.87907830418513,169.85302851446286,55980100
2023-10-24,172.36737060546875,172.59594393485276,170.3896722111032,171.9797831493734,43816600
2023-10-25,170.04185485839844,171.98972493811345,169.59462570782657,170.81702981156988,57157000
2023-10-26,165.85787963867188,170.32011700092076,164.64542343181446,169.31635357139493,70625300
2023-10-27,167.17965698242188,167.91508596598229,165.79825394187426,165.8777610074826,58499100
2023-10-30,169.23684692382812,170.11140947897792,167.82563063265053,167.97471206696315,51131000
2023-10-31,169.71389770507812,169.84308342389463,166.86163656333878,168.30268134414578,44846000
2023-11-01,172.8940887451172,173.15247532339345,169.0678928937645,169.94245541165574,56934900
2023-11-02,176.47183227539062,176.68052504619254,174.37488088465793,174.43450739060134,77334800
2023-11-03,175.55751037597656,175.72647236371952,172.27793120121478,173.16242643179135,79763700
2023-11-06,178.12156677246094,178.3203268607263,175.12025456148152,175.28920139472822,63841300
2023-11-07,180.69557189941406,181.31173276049725,177.86319118196494,178.07188398001148,70530000
2023-11-08,181.75894165039062,182.31547598204617,180.46697828651983,181.22228787755796,49340300
2023-11-09,181.2819061279297,182.98132230147056,180.6856107058037,181.82850773747478,53763500
2023-11-10,185.49127197265625,185.66045656490678,182.63526841968368,183.07312579736603,66133400
2023-11-13,183.89906311035156,185.12306234297503,183.31194313207843,184.91409464160964,43627500
2023-11-14,186.5261993408203,187.1929311504176,185.3917576494399,186.78492632853875,60108400
2023-11-15,187.09341430664062,188.5761557735661,186.86453984677962,186.93420587357204,53790500
2023-11-16,188.78514099121094,190.02904704723116,187.73029590080972,188.64582412031268,54412900
2023-11-17,188.76524353027344,189.45188213648447,187.65070850825023,189.32251104128505,50922700
2023-11-20,190.5166473388672,190.97441144582112,188.9543092379418,188.96425501994514,46505100
2023-11-21,189.71060180664062,190.586316538311,188.8149955106325,190.47685219685218,38134500
2023-11-22,190.3773193359375,191.98941662140743,189.89966369290923,190.55644969232256,39617700
2023-11-24,189.04388427734375,189.96934317427198,188.32739311257288,189.93949064110666,24048300
2023-11-27,188.86476135253906,189.7404761850428,187.97910073672122,188.9941324576322,40552600
2023-11-28,189.47177124023438,190.14846405510127,188.47664635938358,188.85479867311508,38415400
2023-11-29,188.44679260253906,191.15353347560767,188.04874872654685,189.96933244559008,43014200
2023-11-30,189.02395629882812,189.39216280718497,187.27254208408095,188.91449196138143,48794400
2023-12-01,190.3076934814453,190.626125557136,188.30748269194632,189.4021261680105,45679300
2023-12-04,188.5065155029297,189.12350330882083,186.53617231684353,189.05383727250972,43389500
2023-12-05,192.47705078125,193.45226890347428,189.2528407319119,189.28270844769884,66628400
2023-12-06,191.38241577148438,193.81050761672594,191.17343287476277,193.50202134703213,41089700
2023-12-07,193.32290649414062,194.0493433741143,192.64621370853777,192.68602720531442,47477700
2023-12-08,194.75587463378906,195.0345083535154,192.72581160789824,193.25322651912307,53377300
2023-12-11,192.23822021484375,192.54672168765146,190.48680586341095,192.1685693679781,60943700
2023-12-12,193.76077270507812,193.77071848752672,190.7853438376791,192.13871428631938,52696900
2023-12-13,196.9949188232422,197.03471713546693,193.90007998207173,194.13890022421998,70404200
2023-12-14,197.14418029785156,198.64681332186495,195.20368991997998,197.05462270758053,66831600
2023-12-15,196.60682678222656,197.4327670575499,196.0395983209077,196.5670132843794,128256700
2023-12-18,194.93499755859375,195.6713953811102,193.44231035021684,195.13401948283078,55751900
2023-12-19,195.97988891601562,195.98983469805682,194.9350047944863,195.20369275359957,40714100
2023-12-20,193.88018798828125,196.71628487042167,193.88018798828125,195.94008865557052,52242800
2023-12-21,193.7308807373047,196.11918926884985,192.55664081053737,195.14397125694492,46482500
2023-12-22,192.6561737060547,194.45734722393942,192.02924020237552,194.22845757962483,37122800
2023-12-26,192.10885620117188,192.94475743470915,191.88992751842636,192.66612369019674,28919300
2023-12-27,192.2083740234375,192.55667382245832,190.15841909855277,191.55160311023462,48087700
2023-12-28,192.63629150390625,193.7110282824159,192.2282866262087,193.19355905178492,34049900
2023-12-29,191.59136962890625,193.45224807887718,190.79526678069877,192.95468569679736,42628800
